material_cost,labor_cost,base_cost,trend_multiplier,category_encoded,complexity_level_encoded,region_encoded,season_encoded,final_selling_price
471.44,264.17,735.61,0.98,8,2,4,2,1196.57
327.28,122.19,449.46999999999997,0.996,2,0,2,3,1326.71
123.96,57.01,180.97,1.09,1,2,3,0,246.02
360.04,231.86,591.9000000000001,0.925,5,1,5,2,1339.33
340.72,212.39,553.11,1.002,4,2,5,0,855.71
525.79,286.03,811.8199999999999,0.963,6,2,5,1,1298.88
448.14,190.32,638.46,1.143,5,3,5,3,2461.53
105.81,50.78,156.59,0.95,3,1,4,1,259.09
542.27,275.65,817.92,0.972,10,1,1,2,1829.16
605.81,268.19,874.0,0.963,6,1,6,1,1629.63
84.22,39.53,123.75,1.002,4,2,4,0,195.05
694.8,411.05,1105.85,0.983,2,2,0,1,1865.35
69.02,40.85,109.87,1.14,7,2,1,3,189.66
391.51,250.4,641.91,1.056,0,1,0,0,1503.32
927.28,436.76,1364.04,0.914,8,0,1,1,3358.03
291.46,146.73,438.18999999999994,1.021,5,2,1,0,871.99
543.67,368.14,911.81,0.914,8,1,1,1,2054.94
513.65,284.23,797.88,1.143,5,2,6,3,1645.74
684.46,450.67,1135.13,0.972,10,0,0,2,2756.41
30.06,13.26,43.32,1.14,7,2,0,3,69.94
75.54,26.28,101.82000000000001,1.164,1,1,3,3,199.78
209.09,144.0,353.09000000000003,0.875,0,2,3,2,607.55
641.81,202.01,843.8199999999999,1.077,8,1,3,0,2191.56
203.52,112.7,316.22,1.034,9,1,1,0,734.75
475.98,158.19,634.1700000000001,0.891,6,1,2,2,1264.61
148.01,68.02,216.02999999999997,0.962,7,0,4,2,540.26
113.5,73.02,186.51999999999998,1.14,7,2,0,3,302.45
335.9,187.46,523.36,0.991,10,2,0,1,733.91
130.53,74.44,204.97,1.14,7,1,1,3,468.71
177.38,100.04,277.42,1.062,9,3,2,3,1062.07
348.99,239.47,588.46,1.065,4,1,3,3,1300.18
310.11,198.06,508.17,0.902,0,2,3,1,816.58
189.7,116.5,306.2,0.863,1,0,5,1,658.42
588.15,243.24,831.39,0.831,5,1,3,1,1661.97
152.78,46.94,199.72,1.034,9,1,4,0,447.33
594.57,313.53,908.1,0.991,10,1,1,1,1626.89
415.44,287.3,702.74,1.143,5,1,2,3,1749.39
551.85,292.9,844.75,1.067,2,1,6,0,2017.62
163.37,91.19,254.56,0.891,6,2,0,2,375.04
674.19,291.45,965.6400000000001,1.079,6,0,5,0,2693.29
287.56,108.23,395.79,0.831,5,3,5,1,1207.88
571.27,330.43,901.7,1.143,5,2,3,3,1755.52
451.05,181.17,632.22,0.996,2,2,1,3,1164.16
93.22,41.37,134.59,0.987,3,0,3,0,308.65
1033.82,343.89,1377.71,1.077,8,1,6,0,3154.94
621.18,384.09,1005.27,0.972,10,0,3,2,2730.88
826.17,469.93,1296.1,1.043,8,2,6,3,2553.17
83.17,25.97,109.14,1.077,3,1,4,3,200.86
92.26,58.23,150.49,0.906,1,2,0,2,196.03
256.91,119.35,376.26,1.079,6,1,2,0,877.43
561.41,240.95,802.3599999999999,0.996,2,0,4,3,2610.37
161.41,110.58,271.99,1.143,5,1,1,3,724.51
327.11,156.01,483.12,1.065,4,1,3,3,1000.22
142.12,72.01,214.13,1.09,1,0,4,0,528.29
286.25,126.63,412.88,0.963,6,1,1,1,846.64
105.42,44.76,150.18,1.002,4,2,5,0,264.98
420.39,205.73,626.12,1.089,6,1,6,3,1369.36
499.3,158.84,658.14,1.089,6,1,6,3,1501.43
89.28,32.6,121.88,0.976,3,3,3,2,304.16
395.53,267.61,663.14,1.021,5,1,3,0,1550.1
62.88,24.26,87.14,0.962,7,1,0,2,162.44
445.08,202.14,647.22,1.021,5,1,1,0,1604.38
307.87,135.26,443.13,0.936,9,2,1,2,758.88
397.42,147.43,544.85,1.067,2,0,4,0,1684.44
262.51,139.71,402.22,1.143,5,3,5,3,1657.93
556.95,220.16,777.11,1.079,6,2,1,0,1307.73
65.72,22.34,88.06,1.14,7,1,3,3,175.15
338.34,193.09,531.43,0.97,4,0,3,1,1186.24
56.39,24.33,80.72,0.987,3,1,4,0,162.29
254.72,126.79,381.51,0.991,10,3,3,1,1043.25
61.58,21.36,82.94,0.987,3,1,1,0,149.68
105.46,49.61,155.07,0.987,3,0,3,0,350.35
101.96,34.05,136.01,1.065,4,0,6,3,401.18
138.92,74.57,213.48999999999998,0.911,7,0,3,1,463.89
340.9,225.86,566.76,0.831,5,0,2,1,1338.08
407.16,242.83,649.99,0.925,5,2,6,2,1150.34
144.13,66.31,210.44,1.002,4,0,0,0,539.68
340.07,103.67,443.74,1.002,4,0,2,0,1250.5
655.51,262.99,918.5,0.963,6,2,4,1,1431.6
267.85,129.05,396.90000000000003,1.002,4,1,3,0,851.9
186.44,127.43,313.87,1.09,1,1,1,0,556.07
84.38,31.66,116.03999999999999,1.09,1,1,5,0,223.89
62.43,25.22,87.65,0.976,3,2,5,2,118.52
102.33,41.79,144.12,0.962,7,2,4,2,196.31
476.57,259.91,736.48,0.831,5,0,6,1,1854.56
315.38,146.49,461.87,1.067,2,0,0,0,1435.24
278.24,125.86,404.1,0.953,9,3,3,1,1326.24
111.05,39.26,150.31,1.172,0,1,3,3,317.51
357.82,141.85,499.66999999999996,1.089,6,0,6,3,1354.16
57.44,32.66,90.1,0.962,7,3,4,2,271.15
533.35,337.37,870.72,0.996,2,2,6,3,1607.51
135.2,62.38,197.57999999999998,1.14,7,1,4,3,399.93
217.67,103.39,321.06,1.062,9,1,6,3,812.01
746.28,312.83,1059.11,0.972,10,1,3,2,2178.76
141.19,70.15,211.34,1.14,7,3,5,3,675.77
443.19,170.03,613.22,1.067,2,2,2,0,1146.3
138.41,49.93,188.34,0.902,0,2,3,1,262.1
488.16,317.17,805.33,0.963,2,2,5,2,1357.08
346.54,151.8,498.34000000000003,0.953,9,1,0,1,942.15
113.72,43.5,157.22,1.09,1,2,3,0,228.66
101.95,56.19,158.14,1.077,3,1,3,3,293.88
183.06,113.95,297.01,1.056,0,3,4,0,1075.56
490.71,268.57,759.28,0.972,10,2,1,2,1164.51
303.42,107.18,410.6,0.996,2,0,6,3,1308.58
428.61,205.29,633.9,0.98,8,1,1,2,1480.56
232.27,147.79,380.06,1.065,4,0,5,3,937.67
263.36,162.14,425.5,1.002,4,0,5,0,1095.75
647.26,305.94,953.2,0.991,10,1,6,1,1720.29
244.04,97.06,341.1,1.065,4,2,5,3,572.85
56.29,20.33,76.62,1.09,1,1,3,0,141.35
683.52,220.27,903.79,1.155,10,0,2,3,2781.12
598.76,394.37,993.13,0.925,5,1,4,2,2201.96
177.37,65.34,242.71,1.172,0,0,2,3,722.58
208.69,132.61,341.3,0.962,4,0,0,2,755.39
75.68,30.04,105.72,0.976,3,2,0,2,133.19
75.55,50.83,126.38,0.987,3,0,2,0,291.46
210.49,68.48,278.97,0.925,5,2,6,2,514.6
677.05,409.0,1086.05,0.983,2,0,3,1,2833.47
274.69,175.88,450.57,0.996,2,1,0,3,1179.95
161.5,72.95,234.45,1.034,9,2,0,0,438.92
172.47,103.52,275.99,0.906,1,2,4,2,399.3
449.34,228.82,678.16,0.831,5,2,4,1,1054.42
63.92,31.01,94.93,0.976,3,1,1,2,161.76
726.43,331.68,1058.11,1.077,8,1,3,0,2706.32
214.29,144.85,359.14,0.963,6,3,0,1,1104.94
815.04,406.03,1221.07,0.983,2,1,5,1,2662.48
193.52,77.29,270.81,1.056,0,0,2,0,783.9
726.06,317.17,1043.23,0.913,10,1,6,0,2489.76
501.37,258.68,760.05,0.972,10,1,5,2,1551.96
584.69,337.7,922.3900000000001,0.991,10,0,6,1,2232.65
387.72,169.44,557.1600000000001,0.902,0,1,5,1,1027.22
484.02,258.7,742.72,0.914,8,1,2,1,1643.34
331.67,174.48,506.15,0.97,4,2,5,1,736.48
739.87,332.77,1072.6399999999999,0.996,2,2,1,3,1881.91
559.81,195.44,755.25,1.143,5,0,3,3,2197.58
112.88,73.14,186.01999999999998,0.95,3,0,2,1,388.38
720.97,275.58,996.55,1.067,2,1,1,0,2520.95
78.37,52.35,130.72,0.976,3,2,1,2,172.95
276.12,86.46,362.58,1.034,9,1,0,0,880.21
107.03,71.28,178.31,0.906,1,2,1,2,236.69
299.06,111.02,410.08,1.172,0,1,5,3,1048.07
94.21,35.21,129.42,0.962,7,1,2,2,237.41
546.17,205.51,751.68,1.043,8,1,0,3,1808.68
699.84,357.66,1057.5,0.996,2,1,3,3,2657.71
48.63,18.13,66.76,0.911,7,1,2,1,130.29
1090.71,339.03,1429.74,0.914,8,2,6,1,2295.41
616.53,268.63,885.16,1.067,2,2,1,0,1651.31
194.75,77.37,272.12,0.925,5,1,1,2,620.73
667.66,255.04,922.6999999999999,0.963,2,0,5,2,2377.61
162.37,50.43,212.8,1.034,9,2,1,0,343.69
746.37,410.43,1156.8,1.155,10,1,6,3,2618.05
349.2,152.98,502.17999999999995,0.936,9,1,1,2,1084.53
336.08,203.48,539.56,0.97,4,1,5,1,911.32
72.4,26.99,99.39,1.077,3,1,0,3,200.95
78.31,30.32,108.63,0.958,7,2,6,0,179.97
614.73,352.41,967.1400000000001,0.913,10,2,4,0,1775.95
186.95,86.39,273.34,1.089,6,0,3,3,786.82
616.42,250.64,867.06,1.077,8,2,2,0,1773.82
152.61,101.6,254.21,1.034,9,1,3,0,560.8
116.28,43.46,159.74,0.976,3,1,6,2,260.23
279.91,123.8,403.71000000000004,0.831,5,2,4,1,674.23
775.98,528.93,1304.9099999999999,1.043,8,1,2,3,3208.0
383.58,206.38,589.96,0.983,2,2,5,1,859.25
331.27,113.51,444.78,1.056,0,1,6,0,912.67
101.79,49.25,151.04000000000002,0.911,7,1,4,1,251.58
181.64,97.38,279.02,0.953,9,0,5,1,651.03
385.07,184.22,569.29,1.056,0,3,4,0,1840.37
354.85,246.64,601.49,0.963,2,2,3,2,1100.25
80.02,39.15,119.16999999999999,0.95,3,1,3,1,193.86
213.41,100.03,313.44,0.891,6,0,0,2,836.53
697.35,219.53,916.88,0.991,10,0,6,1,2242.88
548.25,280.76,829.01,1.143,5,1,4,3,2044.81
947.39,583.87,1531.26,0.98,8,2,1,2,2634.22
363.0,169.52,532.52,1.062,9,1,4,3,1236.61
258.68,174.77,433.45000000000005,1.034,9,2,1,0,792.38
406.25,127.98,534.23,1.043,8,2,4,3,1085.42
264.19,114.8,378.99,0.996,2,2,3,3,730.94
72.55,30.1,102.65,0.958,7,2,0,0,158.53
693.25,326.6,1019.85,1.079,6,2,3,0,1718.54
758.59,306.16,1064.75,0.996,2,2,0,3,2080.53
589.79,320.31,910.0999999999999,0.913,10,2,5,0,1573.91
33.31,22.75,56.06,1.077,3,2,3,3,93.16
636.08,426.87,1062.95,0.963,6,2,1,1,1752.24
308.81,111.65,420.46000000000004,1.172,0,1,6,3,1046.02
45.58,29.99,75.57,0.863,1,1,4,1,136.91
138.85,91.02,229.87,0.902,0,0,0,1,601.96
96.17,39.68,135.85,0.987,3,0,3,0,308.88
119.34,39.67,159.01,0.906,1,2,4,2,204.9
635.6,321.89,957.49,0.891,6,3,6,2,3261.31
404.58,164.59,569.17,0.925,5,2,6,2,1028.62
220.8,80.41,301.21000000000004,1.021,5,0,5,0,857.32
268.73,100.96,369.69,0.97,4,3,5,1,1114.14
30.46,19.13,49.59,0.95,3,1,1,1,79.26
177.94,98.51,276.45,0.875,0,3,3,2,877.78
158.29,74.85,233.14,1.143,5,2,0,3,478.08
528.34,172.84,701.1800000000001,0.891,6,2,5,2,1060.4
86.83,28.06,114.89,1.14,7,0,3,3,282.56
233.79,130.7,364.49,1.034,9,0,1,0,1024.98
746.2,468.25,1214.45,1.043,8,2,3,3,2354.85
658.05,418.51,1076.56,1.077,8,1,4,0,2885.37
770.52,277.71,1048.23,0.991,10,1,0,1,2016.39
680.49,411.04,1091.53,0.963,6,3,4,1,3236.8
168.99,65.1,234.09,1.172,0,1,5,3,496.4
207.31,107.24,314.55,0.97,4,0,6,1,656.57
288.15,183.81,471.96,0.962,4,0,4,2,1168.0
560.33,384.95,945.28,1.021,5,0,5,0,2607.84
243.97,97.35,341.32,1.002,4,2,1,0,555.95
168.0,90.07,258.07,1.065,4,2,2,3,427.77
77.1,37.93,115.03,1.14,7,2,6,3,197.12
333.96,105.48,439.44,0.875,0,1,3,2,896.25
599.63,184.29,783.92,1.067,2,2,5,0,1437.32
243.45,125.06,368.51,0.972,10,2,6,2,624.81
68.65,47.44,116.09,1.14,7,0,6,3,293.38
45.07,15.41,60.480000000000004,1.077,3,0,6,3,155.08
427.47,233.05,660.52,1.143,5,0,3,3,1947.48
345.19,166.01,511.2,1.172,0,0,5,3,1514.53
275.7,148.14,423.84,0.97,4,2,2,1,611.21
343.48,149.33,492.81000000000006,0.97,4,0,6,1,1033.71
966.44,567.96,1534.4,0.98,8,1,0,2,3367.2
339.68,194.33,534.01,0.963,2,3,0,2,1640.75
145.29,67.76,213.05,1.14,7,0,3,3,612.34
693.21,219.08,912.2900000000001,1.089,6,2,5,3,1762.66
211.4,137.28,348.68,1.065,4,1,4,3,822.55
85.42,37.9,123.32,0.863,1,1,0,1,203.57
139.47,81.78,221.25,1.034,9,1,1,0,536.74
915.14,425.73,1340.87,1.043,8,1,2,3,3249.56
200.23,101.3,301.53,1.002,4,2,5,0,471.8
193.64,89.0,282.64,0.953,9,2,3,1,454.31
368.16,145.35,513.51,0.891,6,2,5,2,765.86
76.78,33.38,110.16,0.976,3,2,2,2,160.26
114.81,42.11,156.92000000000002,0.962,7,1,0,2,279.94
224.05,137.28,361.33000000000004,1.002,4,1,1,0,787.33
344.09,118.63,462.71999999999997,0.996,2,1,1,3,1101.76
115.51,64.22,179.73000000000002,0.936,9,2,4,2,267.49
428.98,135.83,564.8100000000001,1.079,6,3,4,0,1811.55
159.56,68.49,228.05,0.963,6,1,0,1,486.77
886.62,502.49,1389.1100000000001,0.914,8,1,1,1,2848.68
604.06,415.57,1019.6299999999999,0.972,10,0,6,2,2360.78
874.34,351.59,1225.93,1.067,2,2,2,0,2328.63
756.86,505.18,1262.04,0.963,2,0,0,2,3460.62
341.72,124.29,466.01000000000005,1.089,6,1,3,3,1113.35
283.16,95.2,378.36,0.962,4,0,3,2,852.29
198.11,112.34,310.45000000000005,1.172,0,0,4,3,949.14
360.67,162.4,523.07,0.953,9,0,1,1,1204.37
739.75,339.15,1078.9,1.077,8,2,1,0,2191.71
141.36,46.55,187.91000000000003,0.97,4,1,3,1,349.07
78.81,53.64,132.45,0.95,3,0,3,1,294.62
231.95,118.45,350.4,0.891,6,0,3,2,838.16
648.13,379.93,1028.06,1.155,10,1,1,3,2415.88
506.11,333.63,839.74,0.891,6,2,1,2,1254.74
243.75,92.09,335.84000000000003,1.056,0,1,5,0,702.86
384.37,238.77,623.14,1.155,10,2,5,3,1130.44
54.54,25.38,79.92,1.077,3,1,6,3,149.82
339.93,127.08,467.01,1.172,0,2,5,3,806.2
145.55,71.82,217.37,0.962,7,1,6,2,440.82
43.48,13.09,56.56999999999999,1.14,7,1,4,3,126.96
266.62,145.15,411.77,1.089,6,0,3,3,1164.8
53.01,22.31,75.32,1.077,3,3,3,3,245.9
257.32,141.41,398.73,0.913,10,1,6,0,885.53
360.78,176.48,537.26,0.953,9,2,3,1,811.59
137.14,71.13,208.26999999999998,0.863,1,2,1,1,256.24
116.84,67.54,184.38,0.962,4,1,6,2,345.61
42.53,18.56,61.09,1.09,1,1,3,0,126.3
364.5,120.93,485.43,0.972,10,0,6,2,1121.91
74.03,32.38,106.41,0.962,7,1,3,2,208.11
38.39,21.35,59.74,0.958,7,0,5,0,146.85
427.03,184.99,612.02,0.963,2,1,2,2,1381.96
68.05,39.2,107.25,1.09,1,1,5,0,195.97
98.05,43.05,141.1,0.95,3,2,3,1,189.48
271.9,187.52,459.41999999999996,0.913,10,1,2,0,931.35
347.82,213.15,560.97,1.034,9,0,3,0,1612.92
416.08,139.41,555.49,0.913,10,2,6,0,1041.96
155.52,105.28,260.8,0.962,4,1,0,2,535.6
198.75,127.31,326.06,0.863,1,3,0,1,798.33
75.67,49.28,124.95,0.958,7,2,6,0,215.98
171.0,73.36,244.36,0.906,1,2,1,2,301.72
392.68,218.48,611.16,1.172,0,1,6,3,1522.35
243.72,86.69,330.40999999999997,0.962,4,1,3,2,681.71
287.82,128.66,416.48,1.155,10,1,3,3,890.39
123.99,75.72,199.70999999999998,0.936,9,1,1,2,378.0
584.5,225.86,810.36,0.991,10,1,5,1,1618.0
1236.91,598.57,1835.48,1.077,8,2,0,0,3271.27
189.21,89.33,278.54,0.875,0,0,1,2,655.69
205.58,118.59,324.17,1.089,6,2,2,3,532.42
569.13,240.46,809.59,0.913,10,1,3,0,1860.49
181.86,87.28,269.14,1.09,1,1,1,0,491.13
512.26,232.99,745.25,1.043,8,1,2,3,2159.74
323.03,130.48,453.51,1.077,8,1,0,0,1212.6
59.12,37.47,96.59,0.987,3,2,4,0,148.14
418.32,143.86,562.1800000000001,0.891,6,0,4,2,1430.28
418.53,150.68,569.21,1.079,6,0,1,0,1515.93
218.34,105.63,323.97,1.034,9,1,3,0,767.92
67.85,39.03,106.88,0.962,7,3,3,2,310.31
138.21,66.98,205.19,0.962,7,0,6,2,495.85
168.09,110.23,278.32,0.936,9,1,2,2,564.23
349.47,111.53,461.0,1.021,5,2,5,0,769.87
385.51,117.52,503.03,0.914,8,0,4,1,1493.16
695.37,478.62,1173.99,1.089,6,1,1,3,2990.16
194.28,109.6,303.88,1.143,5,2,0,3,614.3
56.59,34.39,90.98,0.987,3,2,5,0,139.41
176.62,71.4,248.02,1.034,9,1,0,0,508.27
341.49,211.55,553.04,0.97,4,1,2,1,964.83
844.21,429.12,1273.33,1.067,2,2,4,0,2397.52
378.43,147.53,525.96,1.034,9,2,1,0,884.08
149.11,61.06,210.17000000000002,1.056,0,1,6,0,511.68
452.15,192.96,645.11,0.831,5,0,4,1,1776.75
139.69,96.58,236.26999999999998,1.002,4,1,4,0,519.06
954.03,661.97,1616.0,0.98,8,2,0,2,3136.89
127.56,87.51,215.07,0.953,9,2,4,1,321.86
179.73,99.66,279.39,1.164,1,1,4,3,596.19
708.52,493.64,1202.1599999999999,0.963,2,1,3,2,2415.04
96.81,60.61,157.42000000000002,1.077,3,1,3,3,326.59
266.27,80.44,346.71,1.034,9,1,4,0,818.08
159.93,96.51,256.44,1.164,1,0,2,3,662.91
375.92,131.53,507.45000000000005,0.925,5,0,2,2,1332.76
282.69,159.78,442.47,0.991,10,0,2,1,956.13
726.59,448.8,1175.39,1.043,8,2,2,3,2202.61
605.88,376.85,982.73,0.972,10,1,2,2,1919.51
176.35,76.48,252.82999999999998,0.831,5,1,2,1,555.85
123.25,55.39,178.64,0.906,1,2,5,2,225.43
56.47,30.45,86.92,0.911,7,1,6,1,165.65
152.04,84.39,236.43,1.056,0,0,2,0,652.05
324.17,193.2,517.37,1.172,0,1,1,3,1319.68
333.98,103.69,437.67,1.089,6,2,4,3,712.84
87.8,59.38,147.18,0.863,1,2,3,1,182.12
46.75,29.03,75.78,0.976,3,0,4,2,164.12
177.41,117.37,294.78,0.891,6,0,6,2,803.67
311.24,169.34,480.58000000000004,1.067,2,0,2,0,1311.65
241.37,77.92,319.29,0.913,10,1,5,0,684.82
599.46,245.05,844.51,1.043,8,2,5,3,1812.18
44.07,28.26,72.33,0.976,3,0,2,2,143.64
259.73,120.63,380.36,1.034,9,3,3,0,1272.18
138.4,90.36,228.76,0.936,9,0,0,2,564.19
74.5,51.54,126.03999999999999,0.987,3,1,2,0,227.56
670.44,455.1,1125.54,0.914,8,2,3,1,2092.27
192.86,64.71,257.57,0.962,4,2,4,2,392.54
133.22,78.48,211.7,0.958,7,1,4,0,404.78
76.18,48.66,124.84,1.164,1,1,6,3,249.56
203.66,131.32,334.98,1.089,6,3,3,3,1196.32
434.32,192.14,626.46,0.98,8,1,1,2,1592.69
224.12,96.84,320.96000000000004,1.021,5,0,1,0,993.43
180.73,117.15,297.88,0.863,1,2,4,1,367.01
230.65,120.17,350.82,1.065,4,1,5,3,704.0
374.02,127.99,502.01,1.143,5,3,3,3,1988.16
199.09,75.3,274.39,0.97,4,1,0,1,468.1
604.32,334.69,939.01,1.067,2,2,5,0,1830.72
590.47,216.36,806.83,0.963,2,1,5,2,1802.11
378.17,203.93,582.1,0.925,5,0,0,2,1418.66
306.47,145.92,452.39,0.963,2,0,5,2,1244.07
158.36,67.76,226.12,0.906,1,0,3,2,542.09
687.61,480.52,1168.13,1.077,8,2,2,0,2502.83
267.93,136.9,404.83000000000004,1.056,0,2,0,0,728.97
392.04,170.43,562.47,1.034,9,2,2,0,930.77
90.3,44.11,134.41,0.906,1,1,0,2,253.85
303.63,131.8,435.43,1.065,4,1,6,3,888.93
545.49,255.32,800.81,1.089,6,2,6,3,1558.32
443.02,242.94,685.96,0.831,5,1,6,1,1384.67
289.69,90.51,380.2,0.963,6,0,2,1,956.15
152.46,97.92,250.38,0.953,9,2,5,1,355.08
685.91,346.43,1032.34,0.983,2,2,1,1,1587.43
509.24,343.9,853.14,1.079,6,2,4,0,1580.92
234.12,113.35,347.47,1.172,0,1,0,3,872.36
761.65,374.45,1136.1,0.996,2,2,0,3,1971.03
396.03,254.78,650.81,0.996,2,0,6,3,1916.21
527.76,365.59,893.3499999999999,1.021,5,0,0,0,2693.85
156.01,101.27,257.28,1.002,4,2,1,0,382.13
82.13,26.15,108.28,0.906,1,2,5,2,149.79
378.34,158.89,537.23,0.913,10,2,0,0,971.8
726.36,313.91,1040.27,0.972,10,2,5,2,1586.13
367.66,227.15,594.8100000000001,0.963,2,2,1,2,906.28
408.01,229.93,637.94,1.143,5,2,2,3,1164.17
201.62,133.85,335.47,1.079,6,1,3,0,777.75
92.09,43.48,135.57,0.962,7,2,3,2,191.99
126.06,85.63,211.69,1.002,4,2,5,0,337.09
218.34,74.6,292.94,0.97,4,0,5,1,641.03
420.29,251.1,671.39,0.925,5,1,6,2,1468.15
303.51,95.88,399.39,1.077,8,1,2,0,1036.18
391.46,169.32,560.78,1.172,0,2,5,3,1005.78
344.89,174.73,519.62,0.963,2,1,4,2,1022.61
42.96,18.71,61.67,0.962,7,2,0,2,96.14
35.33,14.53,49.86,0.911,7,2,6,1,74.23
135.58,71.85,207.43,0.911,7,1,4,1,342.01
378.83,138.68,517.51,1.056,0,2,0,0,873.04
266.18,151.68,417.86,1.021,5,1,4,0,958.89
30.14,16.71,46.85,0.987,3,3,6,0,127.51
608.03,344.22,952.25,1.043,8,2,5,3,2059.28
451.37,271.03,722.4,0.991,10,1,0,1,1287.82
67.14,37.49,104.63,0.95,3,2,3,1,140.0
436.24,290.24,726.48,1.143,5,1,6,3,1854.12
556.1,181.61,737.71,1.021,5,0,0,0,2186.57
572.74,274.65,847.39,0.996,2,0,3,3,2386.8
49.44,24.06,73.5,0.987,3,3,2,0,233.69
108.79,61.92,170.71,0.863,1,0,2,1,339.13
274.45,124.52,398.96999999999997,0.891,6,0,2,2,995.38
83.32,37.33,120.64999999999999,0.962,4,1,0,2,208.77
49.88,27.85,77.73,0.962,7,1,6,2,135.02
33.05,18.45,51.5,0.911,7,2,5,1,74.07
278.8,94.93,373.73,1.172,0,1,0,3,935.24
891.63,429.41,1321.04,0.963,2,1,5,2,2993.79
389.21,176.58,565.79,0.953,9,1,0,1,1001.57
103.27,43.92,147.19,1.164,1,3,0,3,426.82
213.88,145.94,359.82,1.089,6,2,4,3,623.58
954.46,320.01,1274.47,0.98,8,1,6,2,3020.62
788.07,387.06,1175.13,0.972,10,2,2,2,1862.77
96.99,61.17,158.16,0.863,1,2,1,1,214.2
54.32,37.29,91.61,0.95,3,2,2,1,120.47
599.87,216.08,815.95,0.925,5,2,1,2,1457.64
728.19,400.04,1128.23,0.991,10,1,3,1,2230.58
43.32,27.77,71.09,0.987,3,1,1,0,143.99
135.86,59.97,195.83,1.09,1,2,0,0,290.33
59.97,37.04,97.00999999999999,0.863,1,2,0,1,120.46
71.64,49.6,121.24000000000001,0.95,3,3,3,1,314.18
85.73,32.69,118.42,0.906,1,1,6,2,221.14
273.18,176.54,449.72,0.902,0,1,3,1,961.27
277.42,172.73,450.15,0.953,9,1,1,1,873.66
252.85,106.04,358.89,1.002,4,2,4,0,547.81
195.45,75.89,271.34,1.09,1,2,4,0,424.64
316.81,182.8,499.61,1.062,9,1,4,3,1083.61
303.32,116.56,419.88,1.079,6,1,6,0,1027.73
190.42,57.3,247.71999999999997,1.021,5,3,6,0,828.5
285.71,171.82,457.53,0.991,10,0,3,1,1157.13
245.67,82.41,328.08,0.97,4,0,5,1,733.08
409.29,140.96,550.25,0.991,10,1,2,1,1139.13
360.68,206.56,567.24,0.953,9,2,0,1,784.99
143.56,83.85,227.41,0.936,9,0,2,2,592.2
145.7,59.22,204.92,1.062,9,2,1,3,333.6
253.31,148.93,402.24,1.089,6,1,3,3,1010.32
87.34,44.59,131.93,0.976,3,1,2,2,232.39
537.97,187.2,725.1700000000001,1.155,10,2,1,3,1414.11
398.99,141.06,540.05,0.983,2,2,1,1,886.47
130.82,49.14,179.95999999999998,0.902,0,2,3,1,285.22
118.81,75.53,194.34,1.034,9,2,2,0,301.97
206.04,91.5,297.53999999999996,0.891,6,3,4,2,894.21
372.16,252.02,624.1800000000001,0.875,0,0,5,2,1548.52
54.29,31.21,85.5,0.863,1,1,5,1,144.32
111.1,39.51,150.60999999999999,0.962,7,3,3,2,421.03
328.31,223.35,551.66,0.875,0,1,3,2,1175.28
253.92,81.07,334.99,0.97,4,2,0,1,455.86
849.24,325.73,1174.97,0.914,8,1,3,1,2528.5
192.46,121.03,313.49,1.002,4,2,3,0,540.08
317.64,122.7,440.34,1.065,4,1,0,3,995.9
321.58,137.07,458.65,0.936,9,1,1,2,966.29
468.55,156.56,625.11,1.089,6,1,2,3,1329.06
226.83,77.11,303.94,1.065,4,0,2,3,847.72
540.16,367.06,907.22,1.089,6,3,6,3,2959.92
417.81,127.0,544.81,0.925,5,1,3,2,1181.32
657.39,316.84,974.23,1.155,10,2,6,3,1671.98
45.07,13.83,58.9,0.962,7,1,6,2,118.64
84.74,35.36,120.1,0.97,4,2,2,1,177.33
81.36,42.9,124.25999999999999,1.077,3,2,3,3,200.17
412.04,134.44,546.48,0.983,2,1,2,1,1074.9
117.91,67.05,184.95999999999998,0.953,9,1,4,1,366.6
71.33,25.42,96.75,1.164,1,1,0,3,201.01
118.35,60.47,178.82,0.95,3,2,0,1,251.36
375.25,156.18,531.4300000000001,0.902,0,2,3,1,792.36
331.26,165.27,496.53,1.002,4,1,6,0,983.17
570.76,226.45,797.21,0.996,2,2,6,3,1530.83
244.13,78.12,322.25,0.925,5,2,4,2,578.59
172.59,118.09,290.68,0.902,0,0,0,1,655.35
385.14,149.3,534.44,1.143,5,1,0,3,1323.01
286.7,198.53,485.23,1.062,9,1,1,3,1065.07
464.24,212.66,676.9,1.143,5,0,4,3,2267.79
243.07,142.76,385.83,1.062,9,0,4,3,1055.04
145.22,87.92,233.14,0.911,7,1,3,1,454.46
181.79,94.68,276.47,1.002,4,0,5,0,755.59
616.42,364.64,981.06,0.891,6,2,5,2,1420.13
642.05,192.73,834.78,0.963,6,2,4,1,1352.69
198.92,63.25,262.16999999999996,1.164,1,1,0,3,559.44
33.91,10.96,44.87,0.958,7,1,5,0,92.87
52.59,27.64,80.23,0.987,3,1,6,0,151.52
726.41,501.04,1227.45,1.155,10,0,3,3,3201.01
110.81,41.01,151.82,1.056,0,2,3,0,281.1
197.89,105.28,303.16999999999996,0.962,4,3,4,2,894.3
68.71,45.45,114.16,0.976,3,0,4,2,266.57
411.98,205.58,617.5600000000001,0.963,6,1,5,1,1133.11
798.52,305.7,1104.22,0.963,2,2,0,2,1695.98
476.0,160.9,636.9,0.913,10,2,0,0,1170.45
290.96,189.23,480.18999999999994,0.972,10,1,6,2,990.88
474.28,246.0,720.28,1.067,2,2,4,0,1333.8
275.24,104.65,379.89,1.002,4,2,2,0,575.36
150.81,89.24,240.05,0.891,6,2,0,2,413.38
106.55,64.32,170.87,0.863,1,0,5,1,363.2
249.89,112.04,361.93,0.963,6,0,0,1,938.46
126.8,45.63,172.43,1.09,1,1,2,0,327.12
500.79,306.61,807.4000000000001,0.98,8,1,6,2,1904.96
208.51,141.72,350.23,1.056,0,1,2,0,806.15
254.16,127.98,382.14,1.056,0,0,2,0,1027.13
128.65,43.65,172.3,0.962,4,1,6,2,349.25
713.52,222.86,936.38,1.043,8,2,4,3,1739.02
344.2,221.19,565.39,0.962,4,2,2,2,864.56
879.0,441.85,1320.85,0.914,8,1,3,1,2853.25
703.4,214.23,917.63,0.991,10,1,0,1,1862.28
311.46,195.24,506.7,0.936,9,1,5,2,1047.1
67.06,33.05,100.11,0.958,7,1,4,0,193.54
539.38,195.75,735.13,0.831,5,3,0,1,2262.92
901.82,296.12,1197.94,0.914,8,2,2,1,1960.28
1053.59,420.39,1473.98,0.914,8,1,1,1,3037.82
66.81,29.48,96.29,0.958,7,1,2,0,206.42
102.66,40.95,143.61,1.14,7,1,5,3,304.6
199.74,64.44,264.18,1.062,9,1,0,3,602.59
640.09,221.78,861.87,1.155,10,3,5,3,3277.1
92.04,62.27,154.31,1.09,1,1,5,0,324.78
325.56,224.07,549.63,0.996,2,2,4,3,973.67
194.14,85.15,279.28999999999996,0.962,4,0,6,2,643.44
322.05,177.86,499.91,1.056,0,1,6,0,1132.17
52.32,17.28,69.6,0.863,1,3,0,1,197.3
237.41,79.97,317.38,0.875,0,1,5,2,656.77
287.99,164.27,452.26,1.089,6,2,0,3,847.71
135.63,87.68,223.31,0.863,1,2,5,1,316.24
49.18,33.23,82.41,0.95,3,1,4,1,125.53
676.08,313.2,989.28,0.996,2,1,6,3,2229.92
89.85,44.85,134.7,0.976,3,0,2,2,308.47
374.36,177.3,551.6600000000001,1.034,9,2,0,0,905.69
276.84,150.97,427.80999999999995,0.902,0,0,6,1,1055.02
88.86,55.75,144.61,0.976,3,0,4,2,287.4
328.64,134.19,462.83,0.913,10,2,1,0,758.07
350.74,188.99,539.73,0.983,2,1,6,1,1143.92
482.06,245.17,727.23,0.831,5,1,3,1,1382.09
101.97,44.2,146.17000000000002,1.077,3,1,4,3,318.08
124.49,59.97,184.45999999999998,1.14,7,0,3,3,508.74
249.83,128.42,378.25,1.172,0,1,2,3,822.15
233.18,72.0,305.18,0.936,9,0,2,2,738.45
65.52,23.86,89.38,1.164,1,1,3,3,165.69
94.85,59.81,154.66,0.95,3,3,6,1,397.79
349.97,177.09,527.0600000000001,0.972,10,2,5,2,836.02
629.95,397.65,1027.6,0.891,6,0,6,2,2442.5
39.32,24.83,64.15,0.958,7,2,4,0,100.16
306.24,197.07,503.31,0.97,4,0,6,1,1183.41
203.98,94.74,298.71999999999997,1.002,4,2,3,0,502.29
299.17,89.99,389.16,0.913,10,2,1,0,700.67
126.62,55.47,182.09,1.164,1,0,2,3,446.7
87.12,46.42,133.54000000000002,1.077,3,0,6,3,307.88
35.2,16.07,51.27,0.95,3,1,2,1,82.04
491.04,231.56,722.6,1.067,2,1,4,0,1742.6
48.33,20.83,69.16,0.987,3,1,6,0,135.67
113.6,56.6,170.2,0.958,7,1,1,0,387.09
547.5,250.07,797.5699999999999,1.077,8,2,6,0,1682.64
288.53,166.04,454.56999999999994,1.056,0,1,1,0,969.07
283.21,137.65,420.86,0.962,4,0,3,2,1063.94
293.72,141.14,434.86,1.065,4,1,0,3,889.61
104.01,48.25,152.26,0.953,9,1,1,1,305.68
112.6,55.37,167.97,0.936,9,3,6,2,495.43
653.82,215.53,869.35,0.963,2,3,5,2,2848.26
46.85,22.42,69.27000000000001,0.863,1,1,4,1,107.0
524.97,309.26,834.23,0.963,2,2,2,2,1445.44
349.41,222.55,571.96,0.902,0,3,2,1,1672.38
119.94,72.76,192.7,0.936,9,0,1,2,493.73
522.61,315.34,837.95,0.963,6,1,2,1,1475.38
226.45,85.6,312.04999999999995,0.831,5,1,4,1,699.74
83.74,47.03,130.76999999999998,0.95,3,3,1,1,366.46
318.8,148.56,467.36,1.089,6,1,2,3,1140.16
619.84,399.55,1019.3900000000001,0.963,2,1,3,2,2390.49
36.93,21.36,58.29,0.976,3,1,1,2,101.01
68.8,35.76,104.56,0.976,3,1,2,2,186.78
296.03,120.72,416.75,1.021,5,3,2,0,1438.84
104.14,33.87,138.01,0.976,3,2,0,2,198.81
672.03,409.58,1081.61,1.155,10,1,1,3,2656.42
61.15,19.17,80.32,0.958,7,1,3,0,180.86
536.15,328.93,865.0799999999999,0.925,5,0,5,2,2292.31
230.93,130.87,361.8,1.056,0,1,1,0,745.51
247.08,83.5,330.58000000000004,1.067,2,2,2,0,668.96
302.28,91.38,393.65999999999997,0.875,0,3,0,2,1231.55
131.9,60.99,192.89000000000001,0.911,7,3,0,1,487.56
570.39,313.43,883.8199999999999,0.963,6,2,2,1,1395.28
87.45,51.88,139.33,0.987,3,1,5,0,280.33
378.45,254.19,632.64,0.902,0,1,0,1,1194.64
393.68,195.92,589.6,0.963,6,1,4,1,1232.74
34.8,16.77,51.56999999999999,1.077,3,0,3,3,133.22
500.83,250.49,751.3199999999999,0.914,8,0,1,1,2121.61
122.18,67.73,189.91000000000003,1.065,4,1,6,3,423.0
667.43,423.78,1091.21,0.996,2,0,2,3,3130.77
302.86,145.81,448.67,0.991,10,1,3,1,867.01
493.1,227.2,720.3,0.972,10,3,0,2,2111.79
193.21,115.2,308.41,0.891,6,0,6,2,714.23
169.24,112.76,282.0,0.875,0,2,4,2,454.48
553.48,357.1,910.58,0.914,8,0,2,1,2668.03
399.17,124.55,523.72,1.056,0,0,1,0,1560.34
618.9,417.87,1036.77,1.079,6,3,3,0,3280.05
150.44,73.71,224.14999999999998,0.875,0,0,1,2,514.61
303.09,208.9,511.99,0.983,2,2,5,1,861.67
308.9,118.28,427.17999999999995,0.963,2,2,5,2,736.41
448.72,255.59,704.3100000000001,0.963,2,2,1,2,1079.72
577.24,190.83,768.07,0.963,6,2,5,1,1264.26
411.69,216.29,627.98,0.983,2,2,6,1,1065.82
316.99,134.62,451.61,0.891,6,1,6,2,832.79
667.76,419.99,1087.75,0.914,8,2,1,1,1685.33
442.94,229.84,672.78,1.067,2,1,2,0,1767.57
94.56,60.14,154.7,0.911,7,0,1,1,380.45
221.15,108.0,329.15,0.97,4,3,6,1,950.38
177.57,82.17,259.74,1.09,1,0,1,0,599.95
317.85,216.32,534.1700000000001,0.972,10,1,2,2,1022.73
541.32,249.61,790.9300000000001,1.143,5,0,5,3,2658.25
292.16,187.53,479.69000000000005,0.996,2,1,0,3,1117.16
521.57,216.08,737.6500000000001,1.143,5,2,4,3,1537.27
749.95,300.82,1050.77,1.067,2,1,2,0,2734.07
271.97,118.32,390.29,0.902,0,2,0,1,642.63
220.93,118.32,339.25,1.065,4,2,4,3,598.63
97.52,35.19,132.70999999999998,0.976,3,0,5,2,287.42
34.81,14.5,49.31,0.911,7,2,6,1,65.0
30.58,18.62,49.2,0.95,3,0,4,1,106.48
161.33,70.37,231.70000000000002,1.062,9,2,4,3,417.94
664.13,232.02,896.15,1.155,10,1,5,3,2149.97
149.57,92.49,242.06,1.14,7,0,3,3,683.68
288.81,192.34,481.15,1.002,4,2,5,0,726.49
340.43,155.52,495.95000000000005,0.902,0,2,3,1,781.24
266.94,171.53,438.47,0.875,0,1,3,2,957.93
213.41,134.61,348.02,0.996,2,1,6,3,872.96
158.98,68.82,227.79999999999998,0.97,4,2,0,1,305.77
628.02,358.85,986.87,0.983,2,3,5,1,3042.75
251.9,110.88,362.78,0.953,9,1,4,1,765.84
185.52,88.52,274.04,1.143,5,2,0,3,501.01
395.45,267.17,662.62,0.953,9,3,3,1,1969.1
66.05,35.54,101.59,0.863,1,2,3,1,122.83
81.36,26.36,107.72,1.065,4,3,0,3,391.24
742.62,465.6,1208.22,0.991,10,0,6,1,3048.8
109.62,50.92,160.54000000000002,0.958,7,2,5,0,253.42
194.16,111.92,306.08,0.936,9,0,1,2,736.09
243.03,156.82,399.85,1.065,4,0,0,3,1144.12
308.37,153.3,461.67,0.891,6,0,3,2,1116.86
550.16,250.9,801.06,0.913,10,0,3,0,2146.87
297.6,200.17,497.77,0.902,0,2,1,1,794.59
103.92,44.76,148.68,0.906,1,1,0,2,238.02
992.23,481.82,1474.05,1.043,8,2,4,3,2777.75
135.18,80.51,215.69,0.863,1,2,3,1,254.18
151.76,80.01,231.76999999999998,0.902,0,1,5,1,433.54
45.08,27.63,72.71,1.09,1,1,2,0,133.97
307.6,148.62,456.22,1.034,9,2,5,0,743.94
73.11,46.02,119.13,1.14,7,2,1,3,212.98
48.29,25.25,73.53999999999999,0.863,1,0,2,1,142.44
174.55,67.81,242.36,1.09,1,1,2,0,459.82
84.12,32.11,116.23,1.09,1,0,4,0,251.15
442.36,138.49,580.85,0.963,6,3,3,1,1734.05
571.54,247.39,818.93,0.972,10,2,0,2,1400.25
111.76,75.56,187.32,0.962,7,1,5,2,325.52
378.74,129.66,508.4,0.983,2,1,3,1,1026.78
51.22,23.46,74.68,1.09,1,1,2,0,135.9
225.75,82.91,308.65999999999997,0.875,0,2,2,2,523.02
268.05,113.98,382.03000000000003,0.831,5,2,1,1,652.38
100.29,46.06,146.35000000000002,0.987,3,2,6,0,216.34
599.4,311.08,910.48,1.043,8,1,6,3,2305.64
54.48,16.48,70.96,0.95,3,1,0,1,131.4
326.53,209.92,536.4499999999999,0.913,10,2,3,0,984.68
502.48,204.19,706.6700000000001,1.143,5,3,5,3,2979.73
356.84,168.57,525.41,0.831,5,3,5,1,1615.57
140.12,59.25,199.37,1.002,4,2,0,0,323.97
192.9,116.3,309.2,0.962,4,2,4,2,490.7
297.34,95.43,392.77,0.97,4,1,2,1,666.18
349.05,237.11,586.1600000000001,0.953,9,2,0,1,844.88
34.31,23.01,57.32000000000001,0.962,7,2,6,2,79.44
117.74,79.91,197.64999999999998,0.958,7,2,0,0,336.14
209.23,110.16,319.39,0.875,0,2,6,2,453.36
54.43,36.02,90.45,0.95,3,2,0,1,114.64
314.34,122.19,436.53,0.996,2,2,4,3,807.55
257.22,123.47,380.69000000000005,1.155,10,0,4,3,1060.74
514.54,333.55,848.0899999999999,1.089,6,2,2,3,1605.66
398.74,154.11,552.85,1.143,5,1,1,3,1299.49
232.09,94.52,326.61,1.079,6,0,5,0,876.4
172.38,92.04,264.42,1.09,1,2,6,0,382.46
177.95,116.46,294.40999999999997,1.062,9,2,2,3,571.88
588.86,382.79,971.6500000000001,0.991,10,2,0,1,1542.16
438.2,158.86,597.06,1.155,10,1,5,3,1463.61
694.37,216.65,911.02,1.079,6,2,5,0,1554.07
722.17,436.67,1158.84,1.043,8,2,6,3,2367.38
335.04,157.8,492.84000000000003,0.831,5,3,6,1,1523.56
142.13,81.82,223.95,0.911,7,1,2,1,433.94
928.32,372.66,1300.98,1.043,8,2,1,3,2638.58
163.1,98.86,261.96,0.902,0,3,3,1,747.06
401.48,135.42,536.9,0.996,2,1,0,3,1464.42
417.41,225.93,643.34,0.831,5,2,6,1,1066.92
162.97,63.64,226.61,0.906,1,1,2,2,417.59
353.1,114.4,467.5,0.996,2,2,3,3,831.35
58.15,40.63,98.78,0.863,1,2,6,1,120.28
87.52,48.06,135.57999999999998,0.962,4,3,3,2,423.06
603.71,356.01,959.72,0.913,10,1,6,0,2148.99
115.13,75.54,190.67000000000002,1.062,9,1,2,3,453.03
407.85,220.39,628.24,1.043,8,1,6,3,1613.1
119.23,70.43,189.66000000000003,0.976,3,1,2,2,355.72
607.78,412.3,1020.0799999999999,0.913,10,1,3,0,2194.12
197.75,69.43,267.18,0.875,0,2,4,2,415.96
173.96,61.05,235.01,1.09,1,1,3,0,422.6
107.97,36.86,144.82999999999998,0.962,7,0,1,2,333.97
823.84,251.64,1075.48,0.983,2,2,2,1,1659.76
516.87,339.98,856.85,0.831,5,2,2,1,1459.69
451.88,204.25,656.13,0.963,6,1,2,1,1306.87
194.48,65.86,260.34,1.056,0,2,1,0,420.07
179.78,125.53,305.31,1.164,1,1,4,3,629.41
68.2,33.8,102.0,0.911,7,2,4,1,153.07
642.68,225.79,868.4699999999999,1.067,2,2,0,0,1623.07
723.72,361.85,1085.5700000000002,0.991,10,0,3,1,2725.34
185.36,88.46,273.82,1.056,0,2,5,0,483.4
194.16,66.64,260.8,0.906,1,2,5,2,354.46
295.57,187.09,482.65999999999997,0.875,0,2,3,2,832.48
1284.08,406.58,1690.6599999999999,1.043,8,2,6,3,3447.66
138.18,91.08,229.26,1.09,1,2,2,0,363.99
122.39,81.16,203.55,0.875,0,2,1,2,352.43
114.74,58.73,173.47,0.95,3,0,5,1,377.59
161.81,111.1,272.90999999999997,1.065,4,3,4,3,940.47
74.4,38.7,113.10000000000001,0.911,7,1,6,1,217.78
213.35,69.3,282.65,1.034,9,1,1,0,613.47
499.58,171.12,670.7,1.155,10,2,0,3,1114.09
729.96,340.11,1070.0700000000002,1.155,10,1,1,3,2447.51
183.8,114.96,298.76,1.089,6,1,5,3,760.69
68.88,27.9,96.78,1.09,1,2,3,0,145.42
138.05,63.05,201.10000000000002,1.034,9,1,5,0,420.54
55.79,17.67,73.46000000000001,1.14,7,1,2,3,156.06
393.13,130.41,523.54,0.925,5,2,0,2,891.13
118.74,42.82,161.56,1.002,4,1,5,0,333.6
391.47,191.02,582.49,0.972,10,1,1,2,1193.24
172.58,105.86,278.44,0.906,1,1,5,2,472.06
495.86,346.24,842.1,1.067,2,0,0,0,2236.43
115.55,35.68,151.23,0.976,3,1,4,2,294.26
461.79,203.47,665.26,1.079,6,2,4,0,1172.91
258.29,123.06,381.35,0.963,6,3,5,1,1075.27
532.81,335.87,868.68,0.972,10,1,4,2,1825.39
146.8,94.91,241.71,0.97,4,1,4,1,410.41
233.18,75.51,308.69,1.143,5,1,3,3,786.57
78.87,35.45,114.32000000000001,1.077,3,2,0,3,182.81
160.69,73.06,233.75,1.172,0,2,0,3,382.98
101.25,64.36,165.61,0.863,1,1,0,1,260.03
531.97,270.34,802.31,0.913,10,2,0,0,1520.88
93.15,31.6,124.75,1.002,4,1,4,0,237.29
201.82,87.22,289.03999999999996,1.002,4,3,3,0,947.32
318.92,111.87,430.79,0.996,2,2,3,3,764.8
266.5,157.64,424.14,0.97,4,2,1,1,539.99
101.26,57.53,158.79000000000002,0.902,0,1,6,1,318.42
295.89,157.37,453.26,0.875,0,0,3,2,1033.07
241.83,143.03,384.86,1.065,4,2,0,3,622.69
588.63,336.12,924.75,1.089,6,2,2,3,1680.17
231.12,127.37,358.49,0.953,9,2,5,1,553.59
543.44,343.59,887.03,1.143,5,3,4,3,3218.62
245.31,75.23,320.54,0.97,4,1,0,1,547.77
746.54,379.81,1126.35,0.914,8,2,5,1,1749.35
108.27,52.39,160.66,1.14,7,3,0,3,558.79
815.72,540.67,1356.3899999999999,0.996,2,2,1,3,2860.29
117.71,68.31,186.01999999999998,0.962,7,1,0,2,361.81
296.77,112.63,409.4,1.056,0,2,1,0,680.09
176.36,86.28,262.64,0.936,9,2,1,2,375.88
270.22,167.13,437.35,1.056,0,2,3,0,789.89
80.29,43.33,123.62,1.14,7,2,4,3,208.25
325.16,129.1,454.26,1.065,4,2,3,3,700.78
272.16,88.28,360.44000000000005,0.902,0,1,0,1,636.92
137.59,52.08,189.67000000000002,0.911,7,1,4,1,312.24
343.05,161.87,504.92,1.056,0,1,6,0,1188.87
224.08,83.46,307.54,0.831,5,2,6,1,520.67
276.4,130.07,406.46999999999997,1.034,9,2,4,0,717.35
255.42,98.49,353.90999999999997,1.172,0,2,6,3,609.43
432.47,279.11,711.58,0.991,10,1,1,1,1334.52
80.17,46.72,126.89,0.95,3,3,1,1,340.64
105.68,62.81,168.49,1.034,9,0,4,0,437.91
95.42,33.88,129.3,1.065,4,0,1,3,312.87
425.03,242.25,667.28,0.891,6,2,4,2,996.12
676.34,454.96,1131.3,0.996,2,2,1,3,2224.39
748.74,490.06,1238.8,1.043,8,2,4,3,2350.94
154.74,106.16,260.9,1.034,9,2,1,0,443.59
43.25,16.55,59.8,1.077,3,0,0,3,143.69
298.04,113.09,411.13,0.891,6,2,0,2,684.23
426.61,258.56,685.1700000000001,1.067,2,0,1,0,1873.18
302.66,98.36,401.02000000000004,1.143,5,3,1,3,1535.66
619.98,306.43,926.4100000000001,0.963,2,0,6,2,2513.06
476.03,274.25,750.28,0.98,8,0,6,2,2333.52
142.45,56.61,199.06,0.962,4,2,2,2,281.27
350.43,116.94,467.37,1.143,5,2,4,3,930.13
647.33,397.0,1044.33,0.98,8,0,0,2,3163.5
105.0,58.31,163.31,0.962,7,1,2,2,300.05
220.54,117.14,337.68,1.172,0,1,3,3,759.81
129.55,75.63,205.18,0.962,7,1,4,2,361.15
417.79,272.28,690.0699999999999,0.913,10,1,4,0,1617.23
691.33,227.01,918.34,1.043,8,1,2,3,2362.28
288.89,186.45,475.34,0.953,9,1,1,1,858.75
580.98,401.06,982.04,0.963,2,1,2,2,2088.64
204.9,64.2,269.1,1.065,4,2,6,3,417.9
207.98,99.94,307.91999999999996,1.065,4,2,0,3,555.5
317.43,199.38,516.81,1.155,10,1,4,3,1245.31
120.25,60.74,180.99,0.911,7,2,6,1,244.31
81.54,24.52,106.06,1.09,1,2,3,0,154.64
270.8,81.26,352.06,1.089,6,2,4,3,686.31
59.26,19.38,78.64,1.09,1,0,1,0,196.54
66.92,26.56,93.48,0.962,7,2,3,2,125.68
133.18,41.85,175.03,1.172,0,1,5,3,450.06
111.69,51.01,162.7,0.936,9,2,6,2,271.75
91.07,58.7,149.76999999999998,0.958,7,1,1,0,336.42
166.96,104.05,271.01,1.143,5,2,6,3,501.68
357.63,153.91,511.53999999999996,1.172,0,2,6,3,1004.39
248.05,172.83,420.88,0.963,2,0,5,2,1233.46
52.45,27.39,79.84,0.911,7,2,1,1,107.11
589.87,367.58,957.45,1.143,5,1,4,3,2503.27
35.42,14.84,50.260000000000005,1.077,3,2,1,3,75.24
447.0,247.62,694.62,0.98,8,2,2,2,1146.62
346.38,179.37,525.75,1.034,9,3,4,0,1660.7
212.55,101.18,313.73,1.021,5,1,4,0,747.87
114.13,75.75,189.88,0.976,3,1,3,2,358.48
533.13,255.31,788.44,1.043,8,1,6,3,2228.87
64.92,33.68,98.6,1.09,1,0,5,0,216.39
385.25,147.92,533.17,0.953,9,2,3,1,761.51
153.73,70.24,223.96999999999997,0.875,0,1,1,2,499.65
394.38,178.51,572.89,0.936,9,0,3,2,1523.15
86.99,41.77,128.76,0.95,3,0,0,1,269.49
289.1,155.71,444.81000000000006,1.155,10,1,1,3,1106.3
108.93,57.27,166.20000000000002,0.911,7,1,0,1,328.68
272.42,102.77,375.19,0.97,4,1,2,1,678.93
109.53,47.88,157.41,1.077,3,2,5,3,254.59
176.58,104.2,280.78000000000003,1.09,1,2,6,0,408.05
230.94,96.81,327.75,0.891,6,1,4,2,616.01
217.79,92.14,309.93,0.891,6,0,3,2,847.58
543.08,215.11,758.19,0.891,6,1,2,2,1534.94
710.21,298.7,1008.9100000000001,0.996,2,2,3,3,1975.61
70.66,48.11,118.77,0.958,7,1,3,0,260.41
419.83,209.78,629.61,1.067,2,1,5,0,1420.66
375.17,195.62,570.79,1.062,9,0,0,3,1577.87
125.56,79.5,205.06,0.911,7,2,0,1,314.98
110.85,53.22,164.07,1.14,7,2,6,3,289.36
75.06,25.91,100.97,1.09,1,1,1,0,200.02
55.92,38.41,94.33,0.962,7,0,4,2,231.41
189.9,130.05,319.95000000000005,1.172,0,1,5,3,754.02
557.68,262.95,820.6299999999999,0.996,2,1,5,3,1865.5
89.7,57.02,146.72,0.987,3,3,1,0,443.14
495.42,287.52,782.94,0.991,10,0,2,1,2012.68
180.8,119.14,299.94,1.143,5,2,4,3,532.05
436.18,213.46,649.64,0.913,10,0,2,0,1920.15
53.48,23.66,77.14,0.863,1,2,4,1,103.9
390.91,216.61,607.52,1.021,5,2,1,0,1049.98
97.17,62.5,159.67000000000002,0.958,7,1,4,0,345.35
463.29,174.73,638.02,1.143,5,2,1,3,1125.21
136.39,57.44,193.82999999999998,1.034,9,2,6,0,336.53
755.68,413.26,1168.94,1.043,8,1,4,3,3391.32
546.62,204.17,750.79,1.079,6,2,5,0,1250.66
246.94,126.3,373.24,0.875,0,1,1,2,738.9
291.61,177.81,469.42,0.891,6,0,4,2,1155.86
61.9,20.3,82.2,1.09,1,0,2,0,212.09
79.75,47.55,127.3,1.077,3,3,6,3,395.99
46.16,19.04,65.19999999999999,0.976,3,1,4,2,114.72
84.82,54.14,138.95999999999998,0.958,7,1,5,0,268.4
35.58,18.88,54.459999999999994,1.077,3,1,5,3,102.03
135.39,43.06,178.45,0.953,9,1,2,1,343.66
366.29,200.25,566.54,1.079,6,2,1,0,1047.8
138.76,90.74,229.5,0.906,1,1,2,2,385.37
679.62,282.73,962.35,0.983,2,1,6,1,1882.17
377.39,121.7,499.09,0.875,0,2,3,2,783.81
97.25,41.52,138.77,1.065,4,1,6,3,286.12
269.71,82.64,352.34999999999997,0.983,2,1,6,1,800.85
525.71,353.82,879.53,0.963,6,1,6,1,1741.04
787.7,513.53,1301.23,1.077,8,1,5,0,3405.42
58.46,37.3,95.75999999999999,0.987,3,0,3,0,227.97
224.2,96.51,320.71,0.913,10,2,6,0,549.75
144.25,63.0,207.25,0.911,7,3,4,1,636.68
224.1,107.19,331.28999999999996,0.996,2,1,4,3,879.27
139.59,63.54,203.13,0.958,7,2,5,0,348.6
394.9,195.57,590.47,1.079,6,3,6,0,2164.67
199.65,115.86,315.51,1.056,0,3,5,0,1146.27
482.35,157.01,639.36,0.831,5,2,3,1,999.9
563.33,179.59,742.9200000000001,0.925,5,2,2,2,1207.87
821.44,532.14,1353.58,1.077,8,1,5,0,3220.41
273.29,146.82,420.11,0.831,5,1,3,1,871.95
117.54,49.36,166.9,0.936,9,0,6,2,418.43
146.36,68.46,214.82,1.164,1,2,3,3,348.6
332.17,117.06,449.23,1.065,4,1,1,3,1039.47
799.78,389.29,1189.07,0.996,2,2,0,3,2218.96
203.36,99.66,303.02,0.97,4,0,1,1,663.3
718.18,501.81,1219.99,1.155,10,0,3,3,3462.17
1348.82,523.73,1872.55,0.914,8,2,5,1,2965.88
507.57,211.33,718.9,0.972,10,2,5,2,1125.34
208.08,87.22,295.3,1.143,5,2,6,3,598.73
751.02,471.8,1222.82,0.98,8,2,4,2,1967.58
70.52,28.34,98.86,0.987,3,2,1,0,143.42
582.64,322.99,905.63,0.925,5,1,3,2,2083.07
46.13,22.47,68.6,1.14,7,2,4,3,117.69
129.91,44.79,174.7,0.906,1,1,0,2,316.79
216.76,141.97,358.73,0.875,0,1,6,2,792.37
35.15,23.63,58.78,0.95,3,1,5,1,90.41
62.85,33.43,96.28,1.09,1,2,5,0,137.68
174.73,92.85,267.58,1.021,5,1,3,0,586.62
178.76,58.94,237.7,1.143,5,0,4,3,674.04
383.41,166.38,549.79,0.936,9,2,1,2,878.19
31.28,12.61,43.89,0.987,3,3,5,0,129.92
720.31,491.49,1211.8,0.991,10,0,4,1,2755.18
272.63,114.01,386.64,0.983,2,2,5,1,567.97
497.47,183.16,680.63,1.143,5,1,3,3,1659.61
218.74,135.33,354.07000000000005,1.002,4,0,5,0,882.53
502.7,203.26,705.96,0.913,10,2,3,0,1098.22
436.69,282.46,719.15,0.991,10,2,2,1,1023.49
306.62,201.82,508.44,1.143,5,3,4,3,2134.62
126.72,51.54,178.26,0.97,4,0,6,1,368.92
62.24,37.28,99.52000000000001,0.906,1,2,1,2,123.56
57.85,39.91,97.75999999999999,1.077,3,2,6,3,149.79
100.77,46.56,147.32999999999998,1.077,3,1,5,3,269.07
454.59,148.03,602.62,0.831,5,1,1,1,1277.55
91.85,57.49,149.34,0.976,3,2,6,2,200.48
203.56,66.68,270.24,1.143,5,3,2,3,1034.31
40.75,23.89,64.64,0.962,7,1,6,2,117.87
247.85,110.71,358.56,1.021,5,1,6,0,838.96
466.64,196.6,663.24,0.991,10,0,0,1,1660.73
499.98,321.65,821.63,1.021,5,2,5,0,1616.07
169.72,94.07,263.78999999999996,0.875,0,1,5,2,593.36
719.74,343.8,1063.54,0.991,10,2,5,1,1479.51
477.16,275.4,752.56,0.925,5,2,6,2,1387.54
223.5,107.99,331.49,0.962,4,2,4,2,477.23
115.91,50.25,166.16,0.863,1,1,4,1,285.26
1157.35,553.04,1710.3899999999999,1.043,8,2,6,3,3159.17
449.54,252.19,701.73,1.077,8,2,2,0,1249.16
202.87,74.13,277.0,1.002,4,1,1,0,557.05
58.23,32.47,90.69999999999999,0.906,1,2,2,2,132.08
593.73,237.92,831.65,1.089,6,0,3,3,2550.24
86.82,44.99,131.81,0.863,1,2,2,1,158.79
143.65,93.49,237.14,1.062,9,2,2,3,429.26
197.63,69.49,267.12,0.97,4,2,4,1,392.09
165.96,79.32,245.28,0.902,0,2,4,1,397.31
283.11,179.49,462.6,0.875,0,1,1,2,987.02
437.6,190.96,628.5600000000001,1.143,5,0,4,3,2123.13
444.4,310.76,755.16,0.925,5,0,4,2,1857.31
147.07,47.96,195.03,1.14,7,0,1,3,557.98
261.76,105.24,367.0,0.953,9,0,1,1,927.99
208.69,131.59,340.28,0.902,0,1,0,1,690.29
72.21,48.48,120.69,1.077,3,2,6,3,193.59
783.54,347.91,1131.45,0.991,10,1,3,1,2196.56
94.38,38.44,132.82,1.077,3,1,4,3,259.43
360.91,236.88,597.79,0.902,0,2,4,1,887.55
78.91,41.05,119.96,0.906,1,0,0,2,245.88
163.74,96.33,260.07,0.963,6,2,2,1,391.2
305.14,183.46,488.6,0.953,9,2,3,1,766.24
234.2,125.32,359.52,0.913,10,2,2,0,662.39
171.12,73.7,244.82,0.863,1,2,2,1,308.69
320.57,176.4,496.97,1.056,0,2,6,0,871.12
388.82,214.37,603.19,0.953,9,1,4,1,1101.91
91.57,55.93,147.5,1.09,1,2,2,0,201.58
324.26,207.64,531.9,1.062,9,0,5,3,1466.35
33.96,23.15,57.11,0.958,7,2,0,0,86.61
255.92,127.38,383.29999999999995,0.925,5,0,0,2,1115.79
147.13,57.22,204.35,0.911,7,2,6,1,269.39
147.03,84.3,231.32999999999998,0.902,0,1,2,1,459.55
66.49,46.12,112.60999999999999,0.987,3,2,0,0,161.36
108.79,72.11,180.9,0.962,7,0,4,2,397.29
314.14,159.69,473.83,0.972,10,1,4,2,964.16
214.74,73.41,288.15,0.925,5,2,2,2,476.63
84.28,50.02,134.3,1.14,7,2,0,3,240.97
692.88,305.99,998.87,0.972,10,2,5,2,1622.25
48.75,14.97,63.72,0.906,1,2,5,2,80.07
42.65,20.04,62.69,0.95,3,1,5,1,102.59
393.99,273.52,667.51,1.062,9,1,2,3,1620.29
501.31,332.91,834.22,1.021,5,0,0,0,2398.39
988.12,335.31,1323.43,0.914,8,2,5,1,2227.01
321.23,128.86,450.09000000000003,1.172,0,2,4,3,740.05
123.89,54.49,178.38,1.002,4,2,4,0,276.61
86.41,30.97,117.38,0.976,3,2,4,2,170.57
278.81,95.63,374.44,1.172,0,1,0,3,791.53
102.11,63.53,165.64,1.062,9,3,5,3,545.83
49.88,29.62,79.5,1.09,1,3,4,0,238.74
213.49,71.6,285.09000000000003,1.062,9,2,0,3,496.97
224.94,156.21,381.15,0.831,5,1,3,1,843.67
257.65,152.27,409.91999999999996,1.002,4,2,2,0,697.79
118.95,64.76,183.71,1.062,9,2,4,3,362.67
114.51,61.02,175.53,0.97,4,0,2,1,377.45
344.43,213.05,557.48,0.925,5,1,2,2,1240.77
52.39,34.79,87.18,1.077,3,0,5,3,202.56
724.12,285.73,1009.85,0.972,10,2,2,2,1498.74
334.64,196.42,531.06,1.067,2,0,1,0,1614.83
383.65,212.1,595.75,0.902,0,0,0,1,1411.3
340.21,199.78,539.99,1.021,5,1,6,0,1276.85
414.79,159.41,574.2,0.831,5,2,1,1,870.34
292.07,188.91,480.98,1.079,6,0,6,0,1372.45
366.87,243.86,610.73,1.043,8,2,6,3,1296.24
97.9,65.27,163.17000000000002,0.958,7,1,3,0,362.06
155.09,84.91,240.0,0.863,1,2,6,1,285.9
115.7,59.38,175.08,1.077,3,3,2,3,560.62
55.86,30.68,86.53999999999999,0.906,1,0,1,2,187.0
407.57,261.35,668.9200000000001,0.963,6,2,3,1,1090.39
37.58,26.07,63.65,0.95,3,1,2,1,111.15
66.77,45.73,112.5,0.911,7,0,6,1,275.41
261.82,142.9,404.72,1.002,4,0,4,0,1124.39
346.76,158.04,504.79999999999995,0.962,4,2,4,2,776.58
340.71,148.76,489.46999999999997,1.002,4,2,6,0,762.59
250.93,165.52,416.45000000000005,0.97,4,2,4,1,597.46
670.93,310.36,981.29,0.963,6,0,4,1,2483.14
613.51,267.85,881.36,0.991,10,2,3,1,1246.84
445.67,236.35,682.02,1.089,6,2,3,3,1263.27
426.45,171.91,598.36,0.963,6,3,5,1,1867.37
346.8,105.88,452.68,1.056,0,3,1,0,1574.87
610.66,306.12,916.78,0.972,10,1,2,2,1976.65
125.84,81.04,206.88,1.09,1,2,0,0,291.53
285.88,152.65,438.53,0.962,4,2,0,2,614.5
344.32,172.42,516.74,0.962,4,0,0,2,1204.42
127.4,42.78,170.18,0.906,1,0,6,2,365.58
38.16,15.46,53.62,0.976,3,0,2,2,125.88
246.37,168.6,414.97,0.962,4,2,1,2,659.16
392.03,237.28,629.31,1.155,10,2,4,3,1201.23
138.13,65.06,203.19,1.034,9,0,6,0,522.77
274.4,90.98,365.38,1.062,9,1,4,3,802.27
706.33,227.56,933.8900000000001,0.914,8,2,6,1,1604.82
234.65,92.77,327.42,1.065,4,2,4,3,582.4
688.08,419.22,1107.3000000000002,0.891,6,1,3,2,2088.66
48.94,28.18,77.12,0.95,3,2,2,1,107.82
670.65,289.39,960.04,1.067,2,2,0,0,1688.08
277.37,91.71,369.08,0.962,4,1,0,2,728.45
94.2,49.5,143.7,0.863,1,1,2,1,228.52
345.49,198.08,543.57,1.062,9,1,4,3,1191.46
55.36,22.53,77.89,0.95,3,1,0,1,132.14
785.89,354.05,1139.94,0.991,10,2,4,1,1854.67
248.06,119.42,367.48,1.062,9,2,4,3,600.35
58.18,17.55,75.73,1.164,1,1,0,3,168.92
66.01,23.8,89.81,1.14,7,0,5,3,231.01
257.25,109.43,366.68,1.089,6,2,4,3,675.94
582.44,361.54,943.98,1.155,10,1,6,3,2194.06
748.21,274.78,1022.99,0.983,2,3,4,1,3281.6
67.98,38.68,106.66,0.863,1,1,3,1,168.48
338.96,202.47,541.43,0.914,8,2,5,1,961.54
565.43,173.21,738.64,0.925,5,1,4,2,1687.37
374.07,259.84,633.91,0.891,6,2,2,2,909.73
34.91,22.15,57.059999999999995,0.987,3,2,0,0,85.51
131.47,56.88,188.35,0.906,1,2,5,2,268.57
76.74,30.42,107.16,0.962,7,1,2,2,184.95
63.3,36.65,99.94999999999999,0.863,1,2,2,1,133.65
291.6,103.95,395.55,0.953,9,3,1,1,1286.48
188.68,126.04,314.72,0.97,4,3,5,1,907.7
367.66,156.7,524.36,0.925,5,0,6,2,1490.93
480.68,211.64,692.3199999999999,1.067,2,1,4,0,1746.4
74.8,26.97,101.77,0.911,7,2,1,1,150.98
274.06,151.08,425.14,0.983,2,2,2,1,628.71
501.91,249.61,751.52,0.972,10,2,5,2,1066.22
61.87,28.94,90.81,0.976,3,3,0,2,242.49
103.17,34.72,137.89,1.062,9,2,4,3,251.02
438.73,199.82,638.55,0.98,8,2,0,2,1034.32
635.55,310.91,946.46,1.079,6,1,2,0,2130.79
425.48,294.67,720.1500000000001,0.891,6,3,0,2,2085.8
669.61,378.84,1048.45,0.996,2,0,0,3,3190.4
53.01,23.63,76.64,0.976,3,1,1,2,145.35
699.53,267.92,967.45,1.067,2,0,0,0,2887.37
398.72,142.39,541.11,1.089,6,2,3,3,952.46
692.24,213.68,905.9200000000001,0.983,2,1,2,1,1933.75
42.16,18.77,60.92999999999999,0.863,1,1,4,1,105.05
117.41,50.08,167.49,0.962,7,0,2,2,381.5
107.73,33.58,141.31,1.14,7,0,4,3,388.81
195.1,93.05,288.15,1.002,4,1,5,0,623.44
94.23,29.68,123.91,1.065,4,1,5,3,282.37
55.1,19.3,74.4,1.164,1,2,4,3,114.08
79.59,44.42,124.01,0.906,1,1,2,2,226.7
360.46,167.85,528.31,0.875,0,0,5,2,1384.03
76.64,24.14,100.78,0.95,3,0,0,1,212.52
115.95,77.44,193.39,0.976,3,1,6,2,330.21
949.92,524.14,1474.06,1.077,8,2,5,0,2741.68
349.06,197.43,546.49,1.056,0,1,1,0,1185.89
568.04,333.58,901.6199999999999,0.983,2,1,2,1,1905.92
480.29,245.92,726.21,1.089,6,3,0,3,2367.48
378.76,263.89,642.65,1.143,5,0,1,3,1881.87
796.4,477.89,1274.29,0.98,8,1,2,2,3071.37
106.41,50.81,157.22,1.077,3,1,2,3,345.55
99.97,68.39,168.36,0.958,7,1,2,0,363.68
558.46,377.67,936.1300000000001,0.996,2,2,2,3,1634.81
809.75,367.81,1177.56,0.914,8,1,3,1,2818.62
366.23,129.98,496.21000000000004,1.062,9,0,2,3,1382.31
863.3,523.8,1387.1,1.067,2,1,2,0,3164.18
52.69,26.15,78.84,0.95,3,2,1,1,93.79
58.36,20.45,78.81,0.863,1,1,4,1,133.98
45.2,24.32,69.52000000000001,0.906,1,2,0,2,95.64
186.45,100.98,287.43,0.902,0,1,3,1,510.0
111.6,42.02,153.62,0.95,3,1,2,1,265.61
591.85,341.17,933.02,1.143,5,2,5,3,1928.69
116.61,60.08,176.69,0.875,0,2,5,2,254.38
165.9,79.57,245.47,0.902,0,3,1,1,780.07
219.63,76.17,295.8,0.962,4,0,6,2,699.64
347.88,160.83,508.71000000000004,1.089,6,0,0,3,1602.93
785.71,287.15,1072.8600000000001,0.963,2,2,5,2,1722.0
64.98,31.03,96.01,0.987,3,0,1,0,247.63
1236.57,470.48,1707.05,1.043,8,2,1,3,3189.91
89.26,37.02,126.28,0.976,3,0,3,2,279.08
547.97,355.99,903.96,0.914,8,2,4,1,1392.42
324.17,124.41,448.58000000000004,1.056,0,1,2,0,1013.4
337.76,126.58,464.34,1.034,9,2,0,0,731.57
39.6,17.57,57.17,0.911,7,0,5,1,137.24
139.52,93.49,233.01,1.002,4,3,2,0,805.51
282.09,105.9,387.99,1.172,0,0,1,3,1185.57
688.59,398.38,1086.97,0.963,6,2,2,1,1686.53
93.46,47.55,141.01,0.863,1,2,5,1,186.45
371.13,193.58,564.71,1.155,10,2,3,3,915.16
394.11,147.21,541.32,0.913,10,3,4,0,1896.29
214.18,120.45,334.63,0.891,6,2,2,2,510.3
37.07,24.19,61.260000000000005,0.987,3,1,5,0,109.01
598.24,390.46,988.7,0.963,2,2,5,2,1807.82
105.65,51.59,157.24,1.164,1,2,6,3,223.18
45.95,26.56,72.51,0.976,3,2,3,2,101.28
33.49,20.35,53.84,1.14,7,0,1,3,156.35
456.22,284.15,740.37,0.983,2,1,3,1,1547.14
110.96,67.99,178.95,1.077,3,2,5,3,262.15
110.9,37.79,148.69,1.056,0,0,4,0,429.14
340.61,143.83,484.44000000000005,0.996,2,1,1,3,1215.09
170.94,63.02,233.96,1.09,1,1,6,0,482.7
231.43,145.13,376.56,0.902,0,2,6,1,570.41
282.91,113.83,396.74,0.936,9,3,3,2,1226.51
248.38,163.41,411.78999999999996,0.953,9,0,0,1,942.37
735.34,347.36,1082.7,0.991,10,0,2,1,2441.53
275.67,140.17,415.84000000000003,0.936,9,2,6,2,609.07
62.31,38.84,101.15,1.077,3,0,3,3,246.82
35.0,22.13,57.129999999999995,0.958,7,1,5,0,121.28
230.4,93.18,323.58000000000004,0.996,2,1,2,3,868.35
308.24,94.46,402.7,1.056,0,0,0,0,1083.14
340.91,158.9,499.81000000000006,0.902,0,2,6,1,717.26
62.0,38.66,100.66,0.987,3,0,0,0,230.89
411.94,199.27,611.21,0.983,2,0,5,1,1664.2
141.38,61.6,202.98,0.962,4,2,0,2,298.27
42.01,15.19,57.199999999999996,0.863,1,2,6,1,77.41
390.63,246.5,637.13,0.914,8,1,3,1,1387.69
32.07,16.67,48.74,1.14,7,1,2,3,114.06
449.98,162.89,612.87,0.913,10,2,0,0,1091.97
199.32,71.18,270.5,0.97,4,2,4,1,398.71
208.82,145.72,354.53999999999996,0.97,4,1,3,1,668.39
401.05,169.13,570.1800000000001,1.143,5,1,3,3,1305.46
513.07,341.74,854.8100000000001,1.077,8,3,0,0,3319.05
37.74,26.0,63.74,1.14,7,1,5,3,140.43
109.32,47.15,156.47,0.987,3,3,5,0,431.62
457.9,189.98,647.88,0.972,10,1,2,2,1389.36
227.84,118.69,346.53,1.062,9,1,1,3,826.92
683.06,437.32,1120.3799999999999,1.155,10,0,3,3,3259.31
58.52,28.5,87.02000000000001,0.987,3,2,3,0,124.52
932.18,300.94,1233.12,1.077,8,2,0,0,2222.97
100.96,63.33,164.29,0.95,3,1,4,1,303.08
741.8,237.99,979.79,0.996,2,2,0,3,1697.9
232.83,119.72,352.55,0.913,10,0,6,0,1057.84
384.15,265.1,649.25,0.925,5,0,1,2,1907.76
122.82,42.96,165.78,1.164,1,2,2,3,282.52
558.07,372.46,930.53,0.983,2,3,4,1,3218.36
301.13,125.13,426.26,0.953,9,1,2,1,845.44
125.62,83.38,209.0,1.062,9,2,6,3,353.15
66.11,42.44,108.55,0.987,3,2,4,0,160.07
323.28,139.27,462.54999999999995,0.914,8,3,4,1,1612.92
141.06,91.57,232.63,1.065,4,3,1,3,830.81
65.36,24.3,89.66,0.95,3,1,1,1,153.89
301.34,130.01,431.34999999999997,1.021,5,1,1,0,987.4
311.25,97.08,408.33,0.936,9,2,2,2,580.07
114.89,77.29,192.18,1.077,3,2,0,3,282.22
85.27,56.3,141.57,0.911,7,2,6,1,215.24
134.62,83.55,218.17000000000002,1.062,9,1,1,3,513.52
90.2,50.27,140.47,0.962,4,2,0,2,196.68
176.24,86.93,263.17,1.164,1,2,3,3,403.65
506.65,228.92,735.5699999999999,0.963,6,2,5,1,1159.64
687.31,444.28,1131.59,0.991,10,3,2,1,3172.19
223.73,103.19,326.91999999999996,0.991,10,1,5,1,656.51
68.44,24.06,92.5,0.95,3,2,4,1,131.02
98.15,41.44,139.59,1.077,3,1,6,3,288.35
729.34,261.69,991.03,0.913,10,2,3,0,1781.63
127.93,62.33,190.26,0.936,9,2,0,2,322.89
386.79,198.24,585.03,1.172,0,1,1,3,1341.51
226.55,130.61,357.16,0.902,0,3,6,1,1157.8
992.48,552.86,1545.3400000000001,1.043,8,2,6,3,3373.07
206.07,72.74,278.81,1.056,0,2,2,0,497.52
92.11,45.04,137.15,1.164,1,1,3,3,299.13
310.75,192.94,503.69,0.962,4,0,2,2,1148.85
410.88,232.89,643.77,0.925,5,2,2,2,1170.56
109.36,49.96,159.32,0.911,7,0,3,1,347.51
390.1,117.07,507.17,0.831,5,1,4,1,1000.32
300.06,162.83,462.89,1.155,10,2,3,3,868.05
123.56,54.68,178.24,1.056,0,0,3,0,516.31
177.4,102.92,280.32,0.863,1,0,6,1,571.62
100.87,30.64,131.51,1.056,0,0,5,0,385.38
467.44,296.57,764.01,0.913,10,1,3,0,1632.76
474.95,238.57,713.52,0.891,6,0,3,2,1624.73
318.86,98.25,417.11,0.953,9,3,3,1,1177.55
161.72,78.77,240.49,1.002,4,1,4,0,480.47
266.77,123.14,389.90999999999997,1.062,9,0,6,3,1113.98
41.79,22.58,64.37,0.987,3,2,2,0,87.27
256.52,78.33,334.84999999999997,0.953,9,2,6,1,454.0
465.69,258.44,724.13,0.891,6,1,3,2,1499.47
85.21,35.71,120.91999999999999,0.911,7,2,5,1,153.47
226.58,158.12,384.70000000000005,0.983,2,1,2,1,797.29
101.1,64.12,165.22,1.14,7,2,5,3,252.24
91.45,63.95,155.4,0.906,1,2,2,2,233.17
44.51,17.71,62.22,0.863,1,2,1,1,87.06
426.12,245.17,671.29,0.914,8,0,4,1,1701.18
186.21,107.45,293.66,0.963,6,3,5,1,893.65
257.7,156.23,413.92999999999995,0.996,2,1,0,3,944.28
156.32,75.71,232.02999999999997,1.065,4,2,0,3,403.17
115.8,70.62,186.42000000000002,0.97,4,2,0,1,248.71
199.62,109.22,308.84000000000003,1.065,4,0,2,3,874.99
128.46,68.56,197.02,1.14,7,2,4,3,331.56
156.78,72.8,229.57999999999998,0.906,1,2,4,2,321.48
442.39,275.65,718.04,0.963,2,3,0,2,2343.32
739.31,284.05,1023.3599999999999,0.996,2,1,5,3,2555.04
67.78,33.5,101.28,0.958,7,3,4,0,324.69
375.87,203.73,579.6,1.021,5,1,3,0,1403.01
298.64,195.5,494.14,1.002,4,0,3,0,1212.58
553.87,307.05,860.9200000000001,1.089,6,0,2,3,2665.4
69.37,27.82,97.19,0.863,1,2,3,1,123.99
723.3,237.61,960.91,0.913,10,0,6,0,2840.02
272.97,184.28,457.25,1.002,4,1,0,0,1035.93
226.0,155.3,381.3,0.97,4,3,4,1,1015.36
172.66,90.58,263.24,1.065,4,1,3,3,525.83
706.26,345.63,1051.8899999999999,0.914,8,2,3,1,1828.69
228.24,129.51,357.75,0.913,10,1,0,0,860.46
69.62,44.09,113.71000000000001,0.987,3,2,5,0,184.6
115.15,36.57,151.72,1.056,0,2,2,0,273.25
260.89,78.31,339.2,1.002,4,2,2,0,579.52
111.67,53.41,165.07999999999998,1.164,1,2,0,3,277.9
32.11,15.16,47.269999999999996,0.976,3,3,6,2,138.73
483.31,255.25,738.56,1.079,6,2,3,0,1160.27
347.45,223.29,570.74,0.902,0,0,4,1,1486.94
116.68,38.64,155.32,0.962,7,3,3,2,420.67
321.86,180.65,502.51,1.065,4,1,6,3,1064.35
187.88,84.44,272.32,0.936,9,1,3,2,576.53
488.01,224.95,712.96,0.913,10,2,0,0,1144.12
30.49,17.3,47.79,0.95,3,1,0,1,88.4
169.77,92.2,261.97,1.062,9,1,3,3,601.08
482.17,181.13,663.3,1.021,5,2,6,0,1238.41
101.79,70.96,172.75,1.002,4,2,0,0,293.9
520.17,352.48,872.65,0.913,10,2,1,0,1474.09
60.51,21.13,81.64,1.09,1,2,3,0,124.97
331.13,104.93,436.06,0.963,6,0,0,1,1045.77
691.71,469.19,1160.9,0.963,6,2,5,1,1635.86
88.93,40.56,129.49,0.987,3,2,5,0,181.76
605.39,227.4,832.79,1.067,2,1,4,0,2151.76
281.25,97.98,379.23,1.062,9,1,0,3,812.63
457.55,262.43,719.98,0.831,5,1,4,1,1498.11
149.99,64.52,214.51,1.164,1,3,1,3,615.03
124.03,46.3,170.32999999999998,0.875,0,2,1,2,273.06
642.27,368.93,1011.2,1.079,6,2,0,0,1657.07
240.71,120.78,361.49,0.953,9,1,5,1,716.9
152.71,82.29,235.0,0.875,0,1,6,2,473.87
665.81,382.95,1048.76,1.077,8,1,3,0,2859.44
471.35,178.4,649.75,0.925,5,2,5,2,1133.08
79.89,40.81,120.7,0.95,3,1,5,1,213.54
49.45,18.46,67.91,1.077,3,1,1,3,135.84
163.21,63.82,227.03,0.902,0,2,0,1,325.53
97.82,66.74,164.56,1.077,3,0,3,3,433.09
1080.99,374.57,1455.56,0.98,8,1,1,2,3402.22
214.26,72.33,286.59,0.962,4,1,2,2,524.75
265.69,130.66,396.35,1.143,5,1,4,3,963.03
230.51,149.23,379.74,0.962,4,2,5,2,595.55
518.06,163.37,681.43,1.021,5,1,3,0,1750.86
310.54,110.57,421.11,1.002,4,1,3,0,889.17
476.47,158.39,634.86,1.143,5,2,5,3,1271.7
101.91,63.49,165.4,0.962,7,0,4,2,358.63
83.47,32.14,115.61,1.164,1,1,1,3,239.31
110.25,57.02,167.27,0.958,7,0,5,0,459.58
57.03,32.65,89.68,1.14,7,2,2,3,143.24
119.59,36.96,156.55,0.976,3,1,5,2,256.29
581.6,391.09,972.69,0.831,5,0,6,1,2634.2
228.25,93.33,321.58,1.034,9,1,3,0,704.44
306.92,178.17,485.09000000000003,1.002,4,2,0,0,826.14
375.45,244.03,619.48,0.913,10,0,4,0,1802.7
228.01,139.5,367.51,0.913,10,3,6,0,1205.17
445.36,251.53,696.89,1.155,10,0,0,3,1992.94
429.34,219.58,648.92,0.963,6,1,3,1,1344.0
444.71,185.47,630.18,0.963,2,2,4,2,1035.96
319.95,108.02,427.96999999999997,1.172,0,3,3,3,1679.78
205.85,75.64,281.49,0.963,2,2,6,2,480.55
301.53,138.02,439.54999999999995,1.056,0,3,5,0,1365.19
183.39,71.31,254.7,1.002,4,0,5,0,698.71
130.8,77.17,207.97000000000003,0.958,7,2,2,0,361.27
212.29,83.33,295.62,1.034,9,0,2,0,854.23
317.84,197.79,515.63,0.962,4,0,1,2,1237.63
368.45,146.68,515.13,0.891,6,2,3,2,802.96
52.74,30.09,82.83,0.958,7,3,0,0,244.96
442.77,290.4,733.17,1.143,5,1,3,3,1808.19
112.29,57.37,169.66,0.936,9,2,0,2,287.86
329.64,181.08,510.72,0.963,6,1,1,1,907.53
47.4,20.97,68.37,0.906,1,0,4,2,140.75
72.02,30.81,102.83,1.164,1,1,1,3,212.37
598.5,373.92,972.4200000000001,0.996,2,2,0,3,1982.03
293.86,188.06,481.92,0.913,10,2,1,0,868.92
519.17,162.28,681.4499999999999,1.079,6,2,2,0,1228.75
99.28,52.08,151.36,0.987,3,0,1,0,389.77
380.28,193.6,573.88,1.172,0,3,5,3,1979.85
93.59,51.1,144.69,0.911,7,2,0,1,201.85
1044.98,614.03,1659.01,1.077,8,2,0,0,3288.46
237.25,83.21,320.46,0.962,4,2,0,2,467.49
94.01,31.96,125.97,0.976,3,0,3,2,249.45
337.27,175.94,513.21,0.914,8,1,5,1,1193.63
297.01,141.04,438.04999999999995,1.021,5,2,3,0,770.46
50.09,33.51,83.6,0.95,3,2,4,1,107.07
152.41,91.34,243.75,1.021,5,1,0,0,630.05
695.27,337.26,1032.53,0.983,2,2,1,1,1753.32
94.65,61.51,156.16,1.164,1,2,3,3,246.72
37.08,20.08,57.16,0.976,3,2,5,2,72.78
63.96,30.57,94.53,0.976,3,0,0,2,187.73
233.73,146.35,380.08,1.034,9,3,5,0,1413.38
81.93,53.47,135.4,1.164,1,2,4,3,227.78
761.74,492.6,1254.3400000000001,0.991,10,2,4,1,2063.11
130.88,76.91,207.79,0.953,9,2,1,1,311.93
76.77,46.05,122.82,1.164,1,2,4,3,196.6
434.61,180.5,615.11,1.143,5,1,6,3,1577.83
796.7,398.44,1195.14,0.983,2,2,1,1,1980.64
228.67,128.26,356.92999999999995,1.056,0,1,5,0,836.78
456.41,170.99,627.4000000000001,0.831,5,2,2,1,957.53
422.85,191.34,614.19,1.067,2,1,6,0,1613.33
166.93,53.85,220.78,1.062,9,2,0,3,365.88
100.4,55.19,155.59,0.958,7,1,1,0,335.63
262.3,153.74,416.04,1.056,0,1,6,0,943.56
301.18,157.9,459.08000000000004,0.831,5,0,0,1,1080.06
725.94,263.74,989.6800000000001,1.155,10,1,5,3,2295.31
628.0,331.16,959.1600000000001,1.089,6,3,3,3,3411.2
426.54,269.94,696.48,1.021,5,2,1,0,1279.99
334.74,131.4,466.14,1.143,5,1,6,3,1078.87
104.35,55.3,159.64999999999998,0.875,0,1,1,2,320.49
56.8,30.67,87.47,0.95,3,1,5,1,156.0
449.59,269.16,718.75,0.972,10,2,3,2,1040.07
775.85,297.94,1073.79,1.067,2,0,1,0,3094.27
301.38,99.48,400.86,1.079,6,1,3,0,936.29
370.7,149.42,520.12,1.143,5,0,4,3,1720.82
98.31,48.32,146.63,0.95,3,2,0,1,173.26
261.3,162.6,423.9,0.983,2,2,1,1,701.19
100.7,40.07,140.77,0.902,0,1,3,1,284.42
429.69,203.89,633.5799999999999,0.98,8,1,4,2,1609.0
81.71,52.4,134.10999999999999,1.09,1,2,0,0,215.07
738.48,397.81,1136.29,0.963,2,2,2,2,1846.81
96.22,67.29,163.51,0.863,1,1,0,1,297.82
830.88,303.74,1134.62,0.996,2,1,6,3,2764.84
115.52,37.58,153.1,1.077,3,3,4,3,487.51
194.48,68.38,262.86,0.875,0,2,1,2,411.39
482.27,325.21,807.48,1.089,6,2,2,3,1376.14
166.15,110.65,276.8,0.831,5,2,0,1,429.77
271.48,103.2,374.68,1.002,4,0,6,0,909.39
334.6,205.3,539.9000000000001,0.875,0,1,5,2,1095.11
149.9,99.73,249.63,1.09,1,1,1,0,495.69
162.86,78.52,241.38,0.953,9,2,6,1,391.65
407.21,283.59,690.8,1.155,10,0,6,3,1831.12
410.82,234.0,644.8199999999999,1.077,8,1,5,0,1493.44
513.28,236.43,749.71,0.991,10,0,5,1,1727.51
183.05,91.37,274.42,0.906,1,1,6,2,520.25
647.09,249.41,896.5,0.972,10,1,3,2,1655.94
627.64,283.24,910.88,0.963,2,0,0,2,2592.36
153.27,98.41,251.68,0.97,4,0,2,1,546.45
628.61,223.45,852.06,1.079,6,0,0,0,2176.4
256.17,156.14,412.31,0.962,4,0,1,2,942.28
586.28,324.04,910.3199999999999,0.996,2,2,3,3,1662.91
244.34,105.88,350.22,1.172,0,3,3,3,1247.96
94.39,30.93,125.32,1.077,3,2,0,3,188.9
238.0,106.6,344.6,0.962,4,2,6,2,505.15
173.42,113.36,286.78,1.143,5,3,1,3,1181.11
519.38,343.9,863.28,1.155,10,1,2,3,1851.62
121.56,55.24,176.8,1.14,7,2,6,3,324.02
89.7,41.56,131.26,1.077,3,2,0,3,195.77
1013.94,626.17,1640.1100000000001,0.98,8,2,0,2,3214.11
305.81,91.77,397.58,0.891,6,2,3,2,579.47
76.82,40.47,117.28999999999999,0.95,3,0,5,1,246.95
320.82,175.26,496.08,1.079,6,0,2,0,1421.47
311.06,173.55,484.61,1.056,0,2,6,0,814.88
66.65,40.82,107.47,0.911,7,0,2,1,234.28
130.94,88.67,219.61,0.875,0,1,4,2,476.19
275.72,157.48,433.20000000000005,0.972,10,1,6,2,899.76
366.42,165.08,531.5,1.021,5,2,1,0,951.2
87.43,36.31,123.74000000000001,0.95,3,1,1,1,198.08
153.05,55.28,208.33,0.831,5,2,3,1,304.59
437.95,167.25,605.2,1.079,6,2,5,0,1009.48
92.57,32.22,124.78999999999999,0.987,3,2,2,0,176.51
150.24,79.15,229.39000000000001,1.09,1,2,4,0,355.53
213.18,120.58,333.76,1.056,0,1,6,0,711.8
48.92,18.08,67.0,0.911,7,2,6,1,98.69
351.85,120.49,472.34000000000003,1.079,6,0,5,0,1352.84
255.92,86.77,342.69,1.079,6,0,6,0,1021.07
147.05,88.9,235.95000000000002,1.14,7,2,3,3,390.32
678.17,363.61,1041.78,0.991,10,2,4,1,1436.69
496.01,179.09,675.1,1.089,6,0,4,3,2026.02
235.98,135.39,371.37,1.034,9,1,6,0,809.46
588.79,393.66,982.45,0.963,6,1,1,1,2099.12
398.83,136.14,534.97,1.034,9,2,5,0,863.88
897.23,440.01,1337.24,0.98,8,1,4,2,3352.25
314.29,171.16,485.45000000000005,0.925,5,2,1,2,847.53
61.4,40.17,101.57,0.863,1,0,0,1,217.57
65.83,20.45,86.28,0.987,3,1,1,0,162.17
298.8,184.88,483.68,0.97,4,2,0,1,626.71
70.24,33.35,103.59,0.95,3,1,5,1,185.03
789.01,431.65,1220.6599999999999,0.963,2,2,4,2,2109.94
243.82,123.25,367.07,0.953,9,2,4,1,522.0
248.25,108.01,356.26,1.089,6,2,5,3,630.81
437.98,282.1,720.08,1.143,5,1,0,3,1957.56
506.25,163.87,670.12,0.914,8,1,3,1,1364.09
272.15,104.61,376.76,1.065,4,1,3,3,851.24
525.21,313.94,839.1500000000001,0.963,2,3,5,2,2886.9
404.35,273.5,677.85,1.079,6,1,6,0,1515.94
149.09,52.18,201.27,0.953,9,1,6,1,355.32
103.0,32.25,135.25,0.976,3,3,1,2,366.86
618.84,321.4,940.24,0.891,6,0,0,2,2225.97
115.28,58.92,174.2,1.09,1,2,3,0,286.46
517.36,262.22,779.58,0.963,2,2,5,2,1378.74
111.81,36.35,148.16,1.164,1,3,3,3,460.05
184.8,68.06,252.86,1.065,4,0,0,3,642.55
295.79,158.2,453.99,1.143,5,2,0,3,796.12
147.06,63.72,210.78,1.14,7,2,5,3,360.84
586.3,350.9,937.1999999999999,1.143,5,3,4,3,3365.35
357.51,244.08,601.59,1.056,0,1,0,0,1348.81
62.07,39.29,101.36,1.077,3,0,4,3,270.74
358.98,172.09,531.07,0.891,6,2,1,2,916.84
171.58,104.69,276.27,1.143,5,1,5,3,699.32
148.48,58.09,206.57,0.962,4,2,4,2,273.99
395.76,167.59,563.35,0.902,0,0,0,1,1252.08
119.55,55.95,175.5,0.906,1,1,3,2,292.23
448.36,182.94,631.3,0.972,10,2,0,2,936.0
238.68,96.55,335.23,1.002,4,1,6,0,769.69
43.8,25.31,69.11,0.911,7,0,1,1,153.0
133.41,85.03,218.44,1.002,4,3,1,0,661.71
1456.86,492.75,1949.61,0.98,8,2,1,2,3147.74
606.26,308.6,914.86,0.913,10,2,0,0,1667.13
254.16,99.79,353.95,0.875,0,0,1,2,835.09
764.68,494.74,1259.42,0.972,10,0,3,2,3038.89
151.04,64.41,215.45,1.034,9,3,4,0,732.08
150.54,92.55,243.08999999999997,1.09,1,3,2,0,671.07
181.45,87.25,268.7,1.09,1,3,3,0,860.81
880.07,356.78,1236.85,1.077,8,2,4,0,2348.63
447.61,153.58,601.19,1.021,5,1,1,0,1434.47
676.03,374.56,1050.59,1.067,2,1,5,0,2718.85
467.33,168.65,635.98,1.079,6,1,0,0,1333.95
597.02,374.2,971.22,0.972,10,3,6,2,2831.47
559.54,347.6,907.14,0.963,2,1,1,2,1931.13
221.69,126.77,348.46,0.902,0,1,4,1,620.67
302.32,199.22,501.53999999999996,0.913,10,0,4,0,1427.48
255.43,126.47,381.9,0.983,2,0,0,1,941.41
127.17,48.26,175.43,1.065,4,3,3,3,563.59
151.85,66.48,218.32999999999998,1.034,9,2,0,0,343.59
39.53,12.15,51.68,0.987,3,2,0,0,81.97
483.14,249.85,732.99,1.021,5,0,1,0,2170.72
80.37,40.09,120.46000000000001,0.97,4,1,3,1,230.32
86.76,28.79,115.55000000000001,0.976,3,0,3,2,251.76
111.99,78.09,190.07999999999998,0.95,3,0,1,1,364.22
558.04,311.17,869.21,0.983,2,3,6,1,2560.19
290.93,184.35,475.28,0.902,0,1,0,1,982.36
265.42,151.21,416.63,0.962,4,0,1,2,925.33
127.2,66.43,193.63,1.14,7,1,4,3,460.7
348.15,163.63,511.78,1.172,0,1,1,3,1143.78
198.83,66.9,265.73,0.962,4,1,6,2,530.01
275.28,146.87,422.15,1.089,6,2,0,3,740.34
293.45,191.38,484.83,1.155,10,1,1,3,1119.46
188.98,129.34,318.32,0.906,1,2,4,2,392.19
1436.6,509.09,1945.6899999999998,0.914,8,2,2,1,3306.12
249.91,134.35,384.26,0.936,9,2,1,2,562.65
513.67,190.3,703.97,1.021,5,2,5,0,1322.82
143.76,60.92,204.68,0.906,1,1,0,2,370.92
31.43,13.11,44.54,0.962,7,1,3,2,76.71
72.41,38.33,110.74,0.976,3,3,5,2,328.19
88.33,52.93,141.26,0.987,3,1,2,0,296.83
120.97,71.0,191.97,1.164,1,2,4,3,319.41
164.23,66.25,230.48,1.021,5,0,1,0,732.91
332.04,151.22,483.26,1.155,10,2,4,3,933.49
310.19,128.31,438.5,0.925,5,1,5,2,895.64
397.18,195.52,592.7,0.963,2,0,5,2,1576.61
279.81,130.81,410.62,0.902,0,2,4,1,607.53
285.24,172.36,457.6,0.936,9,0,5,2,1148.71
133.05,53.3,186.35000000000002,0.962,4,2,6,2,256.05
215.52,128.42,343.94,0.875,0,1,0,2,692.62
927.79,611.84,1539.63,1.043,8,2,4,3,2930.03
81.76,42.12,123.88,1.09,1,2,4,0,200.3
942.3,548.34,1490.6399999999999,0.98,8,1,2,2,3347.76
343.18,214.42,557.6,0.891,6,2,2,2,846.52
409.47,204.05,613.52,0.963,6,1,0,1,1251.93
680.54,342.78,1023.3199999999999,1.079,6,2,6,0,1810.26
504.06,176.73,680.79,0.972,10,2,6,2,1067.23
216.11,112.56,328.67,0.925,5,1,2,2,754.11
224.31,78.32,302.63,0.913,10,1,4,0,638.35
250.32,174.5,424.82,0.991,10,2,0,1,589.72
491.69,223.31,715.0,0.996,2,0,2,3,2211.52
658.79,199.82,858.6099999999999,0.963,2,2,0,2,1523.23
124.8,43.74,168.54,1.034,9,1,4,0,354.17
34.04,22.74,56.78,0.976,3,1,3,2,100.16
449.21,173.26,622.47,1.043,8,2,5,3,1159.23
305.6,187.51,493.11,1.065,4,1,0,3,1146.78
269.67,150.92,420.59000000000003,0.875,0,1,1,2,835.36
194.3,129.54,323.84000000000003,0.831,5,0,5,1,839.01
212.07,81.8,293.87,0.902,0,2,6,1,448.31
79.18,35.04,114.22,1.077,3,3,3,3,321.25
55.95,22.88,78.83,0.906,1,1,1,2,149.17
298.03,127.8,425.83,0.963,2,1,1,2,944.63
489.75,213.24,702.99,1.077,8,1,5,0,1615.31
291.4,160.7,452.09999999999997,1.062,9,1,0,3,1069.28
32.51,20.22,52.73,0.976,3,1,1,2,84.58
118.2,40.68,158.88,0.958,7,1,5,0,356.62
316.45,95.69,412.14,1.172,0,1,3,3,982.24
186.3,72.84,259.14,0.97,4,2,5,1,338.95
54.08,35.55,89.63,0.906,1,1,2,2,155.53
134.36,57.2,191.56,0.936,9,0,5,2,512.67
707.04,303.37,1010.41,1.043,8,2,1,3,2120.97
581.73,219.2,800.9300000000001,0.963,6,2,6,1,1234.64
298.46,160.2,458.65999999999997,1.056,0,2,3,0,828.58
148.55,80.68,229.23000000000002,1.09,1,1,1,0,436.06
587.24,337.63,924.87,0.972,10,2,5,2,1419.53
283.57,127.44,411.01,0.902,0,0,6,1,1026.27
414.46,166.15,580.61,1.021,5,3,6,0,2010.03
771.06,475.21,1246.27,0.972,10,1,1,2,2487.4
515.22,303.96,819.1800000000001,1.155,10,3,4,3,2911.33
273.47,136.53,410.0,1.034,9,1,3,0,934.05
145.51,96.88,242.39,1.09,1,3,3,0,665.33
46.22,26.05,72.27,1.164,1,2,3,3,107.61
195.57,126.93,322.5,0.925,5,2,5,2,542.63
497.89,218.72,716.61,0.963,2,2,1,2,1254.52
123.29,56.31,179.60000000000002,0.906,1,1,4,2,323.62
63.25,26.98,90.23,1.09,1,0,6,0,236.38
246.95,125.2,372.15,0.953,9,1,3,1,715.87
79.24,25.06,104.3,0.976,3,1,6,2,178.23
498.7,227.95,726.65,0.925,5,3,4,2,2443.68
92.06,41.24,133.3,0.911,7,0,4,1,312.97
212.2,97.53,309.73,1.021,5,0,6,0,999.37
195.93,105.91,301.84000000000003,1.143,5,1,5,3,809.72
197.44,133.2,330.64,1.079,6,0,5,0,890.34
287.32,107.84,395.15999999999997,0.983,2,1,1,1,797.43
355.85,208.87,564.72,0.996,2,2,3,3,1180.39
870.79,471.2,1341.99,0.914,8,2,3,1,2503.13
478.41,225.45,703.86,0.996,2,1,1,3,1890.44
100.2,57.69,157.89,1.14,7,0,0,3,461.68
92.5,37.69,130.19,0.962,7,2,4,2,201.97
125.2,55.58,180.78,1.14,7,0,1,3,528.58
76.03,45.13,121.16,1.077,3,2,4,3,185.65
291.82,109.18,401.0,1.065,4,2,6,3,691.78
275.68,185.55,461.23,0.972,10,1,4,2,964.19
42.99,28.95,71.94,0.958,7,2,6,0,111.97
132.47,48.87,181.34,1.14,7,3,4,3,581.39
166.66,101.37,268.03,1.079,6,2,2,0,473.62
678.77,356.52,1035.29,0.991,10,2,6,1,1399.43
51.74,29.43,81.17,1.14,7,2,3,3,135.26
488.59,186.84,675.43,0.972,10,1,6,2,1473.79
447.92,291.48,739.4000000000001,0.913,10,2,2,0,1180.07
253.26,126.74,380.0,1.067,2,1,0,0,942.95
399.69,247.2,646.89,1.021,5,1,2,0,1393.79
353.14,140.83,493.97,0.925,5,2,2,2,877.98
53.97,35.61,89.58,0.987,3,1,3,0,188.98
321.05,157.44,478.49,0.902,0,0,5,1,1061.69
740.61,227.78,968.39,0.98,8,1,6,2,2067.62
352.31,178.06,530.37,1.056,0,1,6,0,1103.52
180.58,92.77,273.35,1.062,9,1,4,3,682.19
1224.98,527.83,1752.81,1.077,8,2,5,0,3250.06
354.19,178.08,532.27,0.925,5,3,2,2,1855.45
596.59,407.43,1004.02,0.983,2,0,0,1,2476.82
299.11,135.33,434.44000000000005,0.953,9,2,4,1,680.26
349.1,229.47,578.57,0.97,4,3,3,1,1624.33
615.47,364.92,980.3900000000001,0.891,6,0,3,2,2525.4
558.42,290.12,848.54,0.996,2,1,5,3,2134.19
496.46,152.48,648.9399999999999,1.079,6,1,2,0,1467.23
355.19,154.96,510.15,0.991,10,2,3,1,698.51
65.75,26.79,92.53999999999999,0.987,3,1,2,0,174.37
280.65,139.54,420.18999999999994,0.875,0,1,6,2,909.51
346.76,226.74,573.5,0.963,2,1,0,2,1281.64
393.21,250.65,643.86,1.034,9,1,2,0,1350.94
162.53,77.44,239.97,0.863,1,0,1,1,520.75
127.03,68.1,195.13,0.962,4,1,4,2,387.46
353.03,213.48,566.51,0.902,0,1,4,1,1007.11
295.36,189.77,485.13,1.056,0,1,3,0,1003.57
56.6,32.95,89.55000000000001,0.987,3,2,1,0,134.23
156.59,54.08,210.67000000000002,1.056,0,2,6,0,366.8
427.84,219.28,647.12,0.891,6,2,5,2,1081.5
107.66,35.74,143.4,0.976,3,1,1,2,268.61
113.04,36.48,149.52,1.077,3,1,0,3,274.69
319.17,164.04,483.21000000000004,0.831,5,2,1,1,831.37
437.39,143.55,580.94,0.996,2,0,4,3,1813.22
309.73,94.07,403.8,0.914,8,2,2,1,681.05
326.25,207.69,533.94,0.996,2,1,0,3,1202.38
56.74,18.25,74.99000000000001,1.077,3,2,2,3,119.25
96.01,40.53,136.54000000000002,1.002,4,0,5,0,379.62
525.36,159.32,684.6800000000001,1.143,5,0,2,3,1982.63
384.72,235.02,619.74,1.034,9,1,3,0,1330.12
113.22,50.01,163.23,1.077,3,2,4,3,262.87
156.09,61.18,217.27,1.164,1,2,4,3,305.11
100.78,49.42,150.2,0.906,1,2,2,2,186.35
120.75,74.51,195.26,1.002,4,1,6,0,440.36
177.51,71.45,248.95999999999998,0.906,1,2,0,2,331.69
191.72,108.27,299.99,0.963,6,2,3,1,445.33
772.78,518.01,1290.79,0.913,10,1,5,0,3131.53
445.2,163.6,608.8,0.98,8,2,4,2,1046.67
123.35,55.44,178.79,0.902,0,0,1,1,445.3
511.94,337.73,849.6700000000001,1.021,5,2,6,0,1602.09
90.39,50.17,140.56,0.962,7,2,5,2,198.2
464.52,247.85,712.37,0.963,6,2,5,1,1006.53
255.0,151.57,406.57,0.875,0,3,4,2,1295.26
40.62,22.08,62.699999999999996,0.911,7,1,2,1,109.28
228.06,96.22,324.28,1.079,6,2,0,0,595.47
182.83,70.75,253.58,0.875,0,2,4,2,379.75
123.48,83.15,206.63,1.062,9,3,3,3,723.51
421.85,239.73,661.58,0.831,5,2,3,1,1080.23
280.63,172.48,453.11,0.925,5,2,5,2,709.37
408.64,278.6,687.24,1.089,6,2,2,3,1141.95
569.64,227.51,797.15,1.143,5,2,6,3,1574.16
552.09,349.53,901.62,1.155,10,1,4,3,1929.31
155.88,74.15,230.03,0.891,6,1,0,2,503.32
42.29,13.73,56.019999999999996,0.958,7,0,6,0,131.36
158.85,50.89,209.74,0.863,1,2,6,1,257.45
157.81,57.03,214.84,1.079,6,1,0,0,474.18
737.02,415.62,1152.6399999999999,0.996,2,1,5,3,2845.89
82.07,36.95,119.02,1.164,1,0,3,3,296.94
31.73,19.32,51.05,0.976,3,2,4,2,65.1
348.35,107.65,456.0,1.034,9,1,3,0,970.19
595.52,393.85,989.37,1.077,8,0,3,0,2849.88
64.86,23.74,88.6,1.14,7,0,4,3,258.23
654.82,297.83,952.6500000000001,0.891,6,2,0,2,1519.22
171.41,77.85,249.26,1.021,5,1,2,0,555.48
652.38,267.62,920.0,0.963,6,1,6,1,1901.93
43.46,21.44,64.9,0.906,1,2,0,2,88.61
44.6,20.81,65.41,1.077,3,2,1,3,108.84
913.56,622.83,1536.3899999999999,0.914,8,2,4,1,2600.68
82.01,25.89,107.9,0.906,1,1,6,2,184.02
93.56,57.36,150.92000000000002,0.987,3,2,0,0,223.61
329.17,175.11,504.28000000000003,1.143,5,1,6,3,1371.47
252.49,78.17,330.66,0.902,0,1,6,1,620.68
477.41,222.03,699.44,1.155,10,2,0,3,1197.66
82.64,37.79,120.43,0.911,7,0,3,1,288.46
437.64,151.34,588.98,0.891,6,2,0,2,909.25
110.63,73.53,184.16,0.962,7,2,5,2,270.83
52.56,33.84,86.4,1.14,7,0,4,3,220.99
212.2,125.95,338.15,1.067,2,2,6,0,569.13
204.83,119.96,324.79,1.002,4,0,2,0,876.14
252.39,88.4,340.78999999999996,1.089,6,3,3,3,1138.11
485.81,263.23,749.04,1.021,5,0,2,0,2287.37
572.51,269.12,841.63,1.089,6,1,0,3,1952.66
174.27,99.01,273.28000000000003,1.065,4,0,1,3,755.5
108.75,54.02,162.77,1.065,4,3,4,3,576.27
247.79,81.26,329.05,1.155,10,3,0,3,1217.76
395.81,147.31,543.12,1.056,0,0,2,0,1578.77
304.39,156.26,460.65,0.902,0,2,4,1,692.97
427.87,283.42,711.29,0.914,8,2,5,1,1098.25
661.04,221.9,882.9399999999999,1.155,10,3,5,3,2994.96
92.09,28.18,120.27000000000001,0.962,7,2,3,2,168.47
587.21,273.58,860.79,0.972,10,1,3,2,1914.16
262.47,137.52,399.99,1.065,4,2,5,3,710.91
318.88,128.77,447.65,0.98,8,2,4,2,824.85
387.13,224.04,611.17,0.936,9,2,0,2,981.08
441.89,260.11,702.0,0.925,5,1,6,2,1644.43
166.66,81.71,248.37,1.09,1,2,0,0,374.03
116.26,62.95,179.21,0.911,7,1,1,1,353.33
346.97,205.36,552.33,0.972,10,2,3,2,924.03
520.51,297.86,818.37,0.925,5,0,2,2,2327.35
153.73,48.79,202.51999999999998,0.963,6,0,1,1,525.32
107.67,53.03,160.7,1.077,3,2,1,3,229.56
480.23,214.47,694.7,0.996,2,2,1,3,1349.72
40.8,19.22,60.019999999999996,0.863,1,0,2,1,117.29
698.53,371.56,1070.09,0.996,2,0,6,3,3071.57
1164.8,607.94,1772.74,0.914,8,2,6,1,2967.17
165.17,96.73,261.9,1.034,9,1,2,0,572.03
630.23,210.31,840.54,0.972,10,2,1,2,1406.42
271.98,105.55,377.53000000000003,1.062,9,0,4,3,1166.05
446.75,300.21,746.96,0.991,10,1,2,1,1410.99
225.83,70.5,296.33000000000004,0.925,5,0,2,2,769.16
84.18,56.85,141.03,1.14,7,2,0,3,219.04
66.56,34.43,100.99000000000001,1.14,7,1,1,3,199.41
41.02,19.61,60.63,0.911,7,1,6,1,121.37
233.3,161.59,394.89,0.962,4,0,5,2,1002.74
64.72,25.98,90.7,0.958,7,2,5,0,141.09
131.06,87.97,219.03,1.164,1,3,6,3,687.51
61.45,36.67,98.12,0.976,3,2,5,2,140.81
582.67,354.25,936.92,1.079,6,0,0,0,2770.78
700.85,240.99,941.84,1.067,2,1,5,0,2365.36
607.38,408.76,1016.14,0.963,6,2,6,1,1600.45
463.35,315.67,779.02,0.972,10,1,1,2,1629.56
165.04,103.37,268.40999999999997,0.831,5,2,2,1,425.19
44.95,28.91,73.86,1.14,7,1,4,3,174.13
306.08,182.75,488.83,0.936,9,1,4,2,936.8
109.63,61.12,170.75,1.172,0,1,1,3,420.57
330.51,143.13,473.64,1.002,4,0,5,0,1220.88
130.24,52.63,182.87,1.056,0,1,2,0,383.6
208.44,65.39,273.83,0.963,2,3,5,2,957.3
624.3,313.31,937.6099999999999,1.043,8,1,1,3,2723.05
203.44,133.75,337.19,1.062,9,0,3,3,930.62
208.1,87.37,295.47,0.963,2,1,3,2,661.2
107.63,59.96,167.59,0.902,0,1,4,1,352.47
507.22,179.95,687.1700000000001,0.913,10,1,1,0,1491.98
81.31,25.62,106.93,1.09,1,1,3,0,211.28
370.29,241.04,611.33,1.067,2,0,4,0,1887.19
513.32,284.5,797.82,1.021,5,0,0,0,2256.58
141.28,75.06,216.34,0.906,1,2,1,2,281.08
296.74,148.02,444.76,0.936,9,1,3,2,825.42
161.17,62.99,224.16,0.906,1,0,6,2,462.27
787.15,540.12,1327.27,0.913,10,2,5,0,2251.2
93.87,50.95,144.82,0.958,7,2,5,0,232.64
567.12,229.39,796.51,0.98,8,2,2,2,1425.15
400.22,165.67,565.89,1.021,5,1,2,0,1224.81
107.68,58.69,166.37,1.002,4,2,1,0,246.12
678.11,377.99,1056.1,1.067,2,2,6,0,1754.81
677.28,472.34,1149.62,1.067,2,0,2,0,3203.3
211.34,116.26,327.6,0.962,4,1,3,2,667.03
401.59,267.46,669.05,0.996,2,2,1,3,1379.06
511.57,329.03,840.5999999999999,1.155,10,0,5,3,2368.33
248.38,123.19,371.57,1.062,9,2,4,3,674.01
173.43,90.43,263.86,1.09,1,2,3,0,403.63
206.53,96.53,303.06,0.925,5,1,0,2,641.31
297.94,150.54,448.48,0.963,2,1,6,2,929.02
342.35,188.52,530.87,0.831,5,2,6,1,888.06
262.7,172.44,435.14,0.925,5,1,6,2,918.62
226.75,80.38,307.13,0.925,5,0,5,2,847.1
85.31,50.97,136.28,0.962,7,2,5,2,219.8
256.38,94.56,350.94,1.172,0,2,0,3,607.11
95.06,53.03,148.09,0.987,3,1,5,0,300.96
524.51,345.6,870.11,1.089,6,1,3,3,2195.21
499.57,290.83,790.4,1.077,8,0,4,0,2369.31
108.12,59.72,167.84,0.987,3,0,4,0,399.3
61.41,31.01,92.42,0.958,7,0,4,0,230.01
390.61,130.28,520.89,1.172,0,1,0,3,1181.6
582.27,224.52,806.79,0.983,2,0,0,1,2055.27
277.86,166.72,444.58000000000004,0.991,10,0,3,1,981.47
148.29,46.89,195.18,1.002,4,2,6,0,308.14
129.75,49.98,179.73,1.065,4,2,2,3,288.12
398.24,180.67,578.91,0.891,6,1,6,2,1169.28
172.67,92.16,264.83,0.963,6,0,3,1,578.21
375.24,168.82,544.06,0.891,6,1,5,2,1208.77
627.93,229.58,857.51,0.913,10,1,3,0,2098.16
181.3,96.24,277.54,1.164,1,2,1,3,420.32
347.49,110.57,458.06,1.079,6,3,5,0,1689.55
399.37,161.12,560.49,1.172,0,0,0,3,1686.59
293.6,137.1,430.70000000000005,0.953,9,2,1,1,619.89
115.11,59.03,174.14,0.958,7,3,3,0,558.25
454.06,182.21,636.27,1.079,6,0,1,0,1916.13
37.16,23.22,60.379999999999995,0.911,7,0,5,1,129.86
547.98,183.9,731.88,0.972,10,0,2,2,1915.89
174.63,112.38,287.01,0.962,4,2,2,2,390.39
324.37,153.7,478.07,0.962,4,2,6,2,701.09
77.82,29.61,107.42999999999999,1.077,3,2,1,3,160.37
635.84,356.77,992.61,0.983,2,1,3,1,2175.87
182.04,124.35,306.39,1.164,1,1,2,3,667.05
71.54,31.14,102.68,0.958,7,2,6,0,175.5
426.78,207.38,634.16,1.089,6,1,3,3,1631.59
516.31,315.33,831.6399999999999,0.925,5,2,4,2,1477.79
110.41,41.7,152.11,0.95,3,2,3,1,183.13
285.3,142.32,427.62,0.891,6,2,5,2,715.17
560.03,281.21,841.24,1.089,6,1,5,3,2026.65
395.1,143.64,538.74,0.996,2,1,3,3,1262.85
270.35,85.64,355.99,0.953,9,1,6,1,649.3
144.08,59.86,203.94,1.002,4,0,5,0,571.37
294.36,163.99,458.35,1.155,10,1,5,3,1080.33
692.85,424.29,1117.14,1.043,8,1,5,3,3164.38
425.83,178.27,604.1,1.155,10,0,1,3,1875.32
258.19,153.21,411.4,1.065,4,1,4,3,878.49
92.44,55.82,148.26,0.987,3,1,1,0,308.49
176.62,96.33,272.95,0.953,9,2,2,1,445.87
156.7,102.2,258.9,0.97,4,2,5,1,349.94
63.33,19.51,82.84,1.077,3,1,4,3,168.81
651.3,237.52,888.8199999999999,0.891,6,1,3,2,1772.14
566.83,299.76,866.59,0.983,2,1,1,1,1929.77
523.24,347.5,870.74,0.983,2,1,2,1,1748.38
263.18,152.08,415.26,1.021,5,1,5,0,1046.84
131.12,83.18,214.3,0.902,0,2,3,1,341.67
101.7,54.92,156.62,0.976,3,2,0,2,222.81
238.77,129.07,367.84000000000003,1.056,0,2,6,0,671.29
390.81,241.72,632.53,0.913,10,2,3,0,1076.22
98.14,39.38,137.52,0.962,4,0,4,2,343.37
107.63,53.56,161.19,0.911,7,2,3,1,231.09
125.47,71.71,197.18,0.906,1,0,6,2,462.82
359.43,171.87,531.3,1.172,0,2,2,3,997.28
619.41,284.47,903.88,1.089,6,2,5,3,1562.68
54.45,28.59,83.04,1.09,1,1,3,0,160.71
162.76,107.77,270.53,1.09,1,0,5,0,635.39
237.61,112.66,350.27,0.963,6,0,2,1,824.15
911.87,311.79,1223.66,0.98,8,1,1,2,3042.98
127.3,49.95,177.25,0.953,9,2,0,1,241.76
185.8,78.78,264.58000000000004,0.97,4,1,1,1,457.61
61.88,40.99,102.87,1.077,3,0,2,3,277.35
400.99,149.77,550.76,0.963,2,1,5,2,1173.71
570.84,244.72,815.5600000000001,0.963,2,1,3,2,1629.79
117.1,61.51,178.60999999999999,0.863,1,2,1,1,236.54
93.02,48.29,141.31,0.987,3,2,2,0,215.89
162.52,91.75,254.27,1.062,9,2,4,3,495.33
107.25,45.32,152.57,1.062,9,1,1,3,368.88
325.3,164.12,489.42,1.021,5,2,4,0,977.81
498.55,150.86,649.4100000000001,0.913,10,3,6,0,2065.61
657.52,417.7,1075.22,0.983,2,3,1,1,3458.05
221.55,93.44,314.99,0.936,9,1,1,2,668.48
60.76,31.07,91.83,0.962,7,1,3,2,168.14
198.81,113.67,312.48,1.09,1,0,0,0,812.73
249.02,134.47,383.49,0.902,0,2,3,1,538.51
104.93,61.48,166.41,1.077,3,2,4,3,271.55
295.45,119.25,414.7,1.034,9,0,0,0,1046.08
156.43,51.53,207.96,0.863,1,2,3,1,255.36
629.91,236.39,866.3,0.983,2,0,0,1,2122.49
118.63,79.46,198.08999999999997,0.97,4,2,4,1,255.36
339.61,134.93,474.54,1.034,9,1,3,0,1112.13
103.0,67.09,170.09,1.077,3,2,0,3,242.6
521.24,248.75,769.99,0.98,8,0,3,2,2052.08
724.83,256.95,981.78,0.983,2,1,1,1,2204.61
336.8,102.54,439.34000000000003,1.067,2,2,2,0,766.73
109.9,63.47,173.37,0.976,3,2,4,2,231.66
290.2,129.33,419.53,1.056,0,1,1,0,1007.1
551.92,336.93,888.8499999999999,1.077,8,1,3,0,2252.87
425.09,135.09,560.18,1.143,5,1,4,3,1468.71
814.01,526.75,1340.76,0.996,2,1,0,3,3313.79
166.76,98.36,265.12,0.962,4,2,6,2,372.96
120.06,52.3,172.36,0.958,7,1,4,0,375.89
717.82,287.76,1005.58,0.963,2,3,3,2,3216.92
87.89,47.37,135.26,1.14,7,1,3,3,293.78
182.2,74.34,256.53999999999996,0.906,1,0,1,2,579.1
289.78,113.86,403.64,1.172,0,1,2,3,1019.6
60.5,37.98,98.47999999999999,0.987,3,2,1,0,136.35
288.84,88.8,377.64,1.089,6,2,6,3,706.83
50.69,34.31,85.0,0.906,1,1,2,2,165.5
190.29,98.14,288.43,0.936,9,2,0,2,479.41
349.96,203.76,553.72,0.902,0,0,0,1,1349.48
474.91,269.08,743.99,0.925,5,2,4,2,1158.59
463.86,233.09,696.95,1.021,5,3,6,0,2321.45
390.77,148.44,539.21,1.056,0,2,2,0,848.26
681.53,361.2,1042.73,0.891,6,2,2,2,1770.38
409.25,264.97,674.22,0.891,6,0,6,2,1628.21
182.25,123.04,305.29,0.863,1,0,1,1,578.31
131.34,63.01,194.35,1.034,9,1,2,0,417.27
456.22,211.92,668.14,0.963,6,0,5,1,1590.82
300.53,113.76,414.28999999999996,0.962,4,1,6,2,745.01
635.52,339.42,974.94,0.996,2,1,6,3,2326.81
105.02,48.52,153.54,0.95,3,0,0,1,348.87
332.32,127.69,460.01,0.925,5,1,0,2,1023.35
518.65,172.17,690.8199999999999,1.021,5,2,5,0,1361.48
283.66,102.45,386.11,0.936,9,0,2,2,888.57
254.31,136.18,390.49,0.953,9,2,3,1,619.69
296.22,165.6,461.82000000000005,0.913,10,1,5,0,1124.58
342.07,142.84,484.90999999999997,1.172,0,2,4,3,829.88
372.83,202.7,575.53,1.143,5,2,6,3,1055.27
107.61,64.57,172.18,0.953,9,1,6,1,316.6
253.54,102.02,355.56,1.143,5,3,3,3,1237.56
344.89,129.96,474.85,0.925,5,2,0,2,862.27
51.85,22.27,74.12,1.077,3,1,4,3,164.32
117.44,78.88,196.32,0.902,0,2,0,1,278.14
264.07,98.99,363.06,0.875,0,1,2,2,673.88
466.08,243.68,709.76,1.021,5,0,0,0,2237.04
369.11,247.47,616.58,0.936,9,1,4,2,1231.86
94.95,33.82,128.77,0.95,3,3,2,1,327.4
100.8,66.28,167.07999999999998,0.875,0,2,5,2,283.35
615.57,330.48,946.0500000000001,0.972,10,1,6,2,2083.75
33.87,21.95,55.81999999999999,0.95,3,2,5,1,75.16
414.15,268.44,682.5899999999999,0.963,6,2,3,1,995.1
403.84,207.26,611.0999999999999,0.831,5,1,0,1,1179.04
79.03,28.15,107.18,0.95,3,1,1,1,194.53
258.3,168.12,426.42,0.925,5,3,0,2,1402.76
128.04,74.61,202.64999999999998,1.034,9,0,1,0,558.12
117.4,72.73,190.13,1.14,7,2,4,3,347.86
51.04,35.08,86.12,0.906,1,1,5,2,164.65
417.82,207.3,625.12,1.067,2,3,1,0,2425.93
577.54,373.29,950.8299999999999,1.067,2,0,4,0,2593.3
114.34,41.94,156.28,0.987,3,2,5,0,243.81
1275.73,399.76,1675.49,1.077,8,2,2,0,3007.7
140.61,73.23,213.84000000000003,1.065,4,2,1,3,349.0
507.79,155.03,662.82,1.143,5,3,6,3,2569.57
206.96,125.79,332.75,0.962,4,1,2,2,585.68
521.82,309.2,831.02,1.143,5,1,5,3,2277.22
781.59,334.11,1115.7,0.913,10,2,1,0,1889.9
296.73,165.17,461.9,1.172,0,1,6,3,1018.05
303.46,190.05,493.51,0.913,10,3,5,0,1669.67
352.55,196.9,549.45,0.963,6,2,4,1,747.49
219.74,105.29,325.03000000000003,1.056,0,0,2,0,960.11
191.84,129.69,321.53,0.863,1,0,0,1,653.04
528.5,366.98,895.48,1.089,6,2,1,3,1697.94
401.15,219.84,620.99,0.98,8,2,2,2,1030.29
310.65,95.97,406.62,0.97,4,2,2,1,581.74
382.91,142.39,525.3,1.034,9,2,1,0,935.63
138.26,42.14,180.39999999999998,0.911,7,2,1,1,252.48
73.4,36.28,109.68,1.09,1,1,1,0,195.51
113.22,76.55,189.76999999999998,0.962,7,0,1,2,451.21
109.24,64.4,173.64,1.056,0,3,4,0,647.64
329.21,130.05,459.26,0.891,6,1,6,2,947.0
84.69,30.61,115.3,1.077,3,2,3,3,169.32
462.97,275.84,738.81,1.089,6,1,5,3,1826.89
472.74,256.5,729.24,0.963,2,3,5,2,2575.38
275.58,85.41,360.99,0.891,6,3,0,2,1110.69
301.28,190.99,492.27,1.089,6,2,6,3,849.56
81.53,38.85,120.38,1.14,7,1,4,3,240.07
308.96,126.2,435.15999999999997,1.062,9,2,1,3,751.44
508.1,314.2,822.3,0.983,2,3,4,1,2689.09
337.31,163.45,500.76,0.914,8,0,4,1,1351.92
76.95,49.99,126.94,1.164,1,1,0,3,240.5
292.82,200.61,493.43,1.021,5,1,4,0,1144.42
197.29,104.93,302.22,0.863,1,1,0,1,459.79
369.91,116.01,485.92,1.079,6,2,0,0,892.04
477.03,313.87,790.9,1.143,5,1,1,3,2042.86
232.44,78.1,310.53999999999996,0.963,6,3,2,1,943.43
637.98,345.59,983.5699999999999,1.077,8,2,4,0,2044.69
389.74,118.21,507.95,1.062,9,2,0,3,983.75
34.27,18.68,52.95,1.077,3,2,5,3,78.07
619.23,248.69,867.9200000000001,0.963,6,2,4,1,1251.52
137.79,65.19,202.98,1.065,4,2,3,3,320.39
184.71,77.25,261.96000000000004,0.936,9,0,0,2,718.89
405.68,276.12,681.8,1.079,6,0,1,0,2049.18
139.19,77.39,216.57999999999998,0.953,9,0,5,1,548.08
35.6,24.14,59.74,0.962,7,1,4,2,109.91
382.02,240.89,622.91,1.043,8,2,3,3,1210.23
539.49,229.32,768.81,0.972,10,0,3,2,1812.72
150.97,68.42,219.39,1.172,0,1,6,3,551.53
462.76,294.77,757.53,0.991,10,1,0,1,1505.73
300.63,162.06,462.69,0.891,6,1,3,2,1004.06
1201.38,643.83,1845.21,0.914,8,2,1,1,3305.74
325.74,219.82,545.56,1.062,9,2,0,3,900.98
141.96,56.32,198.28,0.962,7,2,6,2,308.86
47.17,30.81,77.98,0.987,3,2,5,0,121.43
326.65,177.05,503.7,0.953,9,2,6,1,784.05
478.98,227.28,706.26,0.891,6,2,4,2,1219.33
295.76,161.14,456.9,1.062,9,2,5,3,869.77
361.53,173.33,534.86,0.991,10,2,6,1,863.77
805.43,512.11,1317.54,1.077,8,1,6,0,3408.97
614.94,257.52,872.46,0.963,6,1,3,1,1800.48
106.55,44.98,151.53,1.09,1,2,3,0,245.82
179.95,108.87,288.82,1.056,0,1,5,0,616.18
209.51,71.25,280.76,1.056,0,1,6,0,651.48
397.98,248.05,646.03,0.972,10,1,2,2,1225.02
89.5,60.16,149.66,0.962,7,0,2,2,379.45
314.64,215.19,529.8299999999999,0.963,6,2,2,1,815.9
490.23,150.54,640.77,0.983,2,0,4,1,1759.06
65.96,45.8,111.75999999999999,0.987,3,1,1,0,199.86
536.57,191.58,728.1500000000001,1.155,10,2,5,3,1325.54
331.48,190.05,521.53,1.065,4,1,5,3,1084.91
104.7,37.88,142.58,1.077,3,2,0,3,236.78
95.35,40.6,135.95,0.987,3,2,4,0,216.61
546.06,199.97,746.03,0.913,10,1,2,0,1640.43
765.94,451.27,1217.21,0.913,10,2,2,0,2179.25
173.86,119.28,293.14,1.065,4,1,0,3,638.9
399.26,171.51,570.77,1.034,9,2,4,0,987.35
191.83,95.03,286.86,1.164,1,1,6,3,582.08
469.2,301.14,770.3399999999999,1.021,5,1,5,0,1911.15
201.0,80.6,281.6,1.062,9,0,6,3,823.42
44.33,27.18,71.50999999999999,0.962,7,2,6,2,101.97
377.87,203.16,581.03,0.925,5,0,5,2,1626.83
36.58,17.74,54.31999999999999,1.077,3,1,1,3,105.79
228.02,155.34,383.36,0.962,4,1,0,2,685.76
377.74,151.65,529.39,1.079,6,1,1,0,1274.95
94.99,51.06,146.05,1.09,1,2,0,0,204.73
548.32,244.84,793.1600000000001,0.963,6,0,1,1,1727.23
407.35,171.99,579.34,1.143,5,2,4,3,1111.34
94.36,52.45,146.81,0.95,3,2,1,1,197.1
515.33,263.51,778.84,0.972,10,2,4,2,1339.89
179.65,111.17,290.82,1.09,1,2,3,0,436.08
